code,name,value_range,options,candidate_map,依据
BASIC_001,主体注册名称,企业/合作社/家庭农场/个体户全称,企业 / 合作社 / 家庭农场 / 个体户全称,"{""企业"": 100, ""合作社"": 75, ""家庭农场"": 50, ""个体户全称"": 25}",启发生成（需人工审核）
BASIC_012,近一年涉诉/行政处罚记录,是/否,是 / 否,"{""是"": 100, ""否"": 25}",启发生成（需人工审核）
BASIC_013,当前被列为失信被执行人,是/否（中国执行信息公开网）,是 / 否,"{""是"": 100, ""否"": 25}",启发生成（需人工审核）
BASIC_014,近两年存在重大税收违法行为,是/否,是 / 否,"{""是"": 100, ""否"": 25}",启发生成（需人工审核）
BASIC_015,存在严重环保处罚且未整改,是/否,是 / 否,"{""是"": 100, ""否"": 25}",启发生成（需人工审核）
BASIC_016,征信存在“连三累六”记录,是/否（连续3次逾期/累计6次）,是 / 否,"{""是"": 100, ""否"": 25}",启发生成（需人工审核）
BASIC_017,实际控制人涉及刑事案件,是/否,是 / 否,"{""是"": 100, ""否"": 25}",启发生成（需人工审核）
BASIC_030,现金流季节性波动系数,旺季月均收入/淡季月均收入（≥1），适用于种植/加工/流通等季节性行业,旺季月均收入 / 淡季月均收入，适用于种植 / 加工 / 流通等季节性行业,"{""旺季月均收入"": 100, ""淡季月均收入，适用于种植"": 75, ""加工"": 50, ""流通等季节性行业"": 25}",启发生成（需人工审核）
01_01,与龙头企业长期合作协议,是否与龙头企业签订长期购销/合作协议,是否与龙头企业签订长期购销 / 合作协议,"{""是否与龙头企业签订长期购销"": 100, ""合作协议"": 25}",启发生成（需人工审核）
01_07,年度种养物资投入,种子/饲料/化肥等采购额,种子 / 饲料 / 化肥等采购额,"{""种子"": 100, ""饲料"": 62, ""化肥等采购额"": 25}",启发生成（需人工审核）
01_11,黑土地保护性耕作面积,免耕/少耕/秸秆覆盖还田实施面积（黑龙江补助约35-60元/亩、吉林最高约80元/亩，以当年官方公示为准）,免耕 / 少耕 / 秸秆覆盖还田实施面积,"{""免耕"": 100, ""少耕"": 62, ""秸秆覆盖还田实施面积"": 25}",启发生成（需人工审核）
01_12,土地流转面积,流转/承包土地面积（不含自有）,流转 / 承包土地面积,"{""流转"": 100, ""承包土地面积"": 25}",启发生成（需人工审核）
01_14,农业社会化服务覆盖率,接受农机/植保/托管等社会化服务面积占比,接受农机 / 植保 / 托管等社会化服务面积占比,"{""接受农机"": 100, ""植保"": 62, ""托管等社会化服务面积占比"": 25}",启发生成（需人工审核）
011_05,粮经种植结构,粮食为主/经济作物为主/混合,粮食为主 / 经济作物为主 / 混合,,中性/无配置
0111_01,主要谷物播种面积,水稻/小麦/玉米等播种面积,水稻 / 小麦 / 玉米等播种面积,"{""水稻"": 100, ""小麦"": 62, ""玉米等播种面积"": 25}",启发生成（需人工审核）
0111_10,轮作休耕补贴金额,轮作/休耕试点补贴到账（东北近年参考：轮作约150-200元/亩、休耕约500-800元/亩·季，以当年官方公示为准）,轮作 / 休耕试点补贴到账,"{""轮作"": 100, ""休耕试点补贴到账"": 25}",启发生成（需人工审核）
0111_13,粮食烘干仓储能力,自有+租赁烘干塔/粮仓有效容量（秋收后粮食安全存储关键）,自有+租赁烘干塔 / 粮仓有效容量,"{""自有+租赁烘干塔"": 100, ""粮仓有效容量"": 25}",启发生成（需人工审核）
0111_0111_03,稻谷单位面积产量,总产量/播种面积，与区域平均对比,总产量 / 播种面积，与区域平均对比,"{""总产量"": 100, ""播种面积，与区域平均对比"": 25}",启发生成（需人工审核）
0111_0111_04,稻谷良种覆盖率,审定/登记良种面积占比,审定 / 登记良种面积占比,"{""审定"": 100, ""登记良种面积占比"": 25}",启发生成（需人工审核）
0111_0111_05,稻谷订单销售占比,订单/合同收购量占比,订单 / 合同收购量占比,"{""订单"": 100, ""合同收购量占比"": 25}",启发生成（需人工审核）
0111_0112_03,小麦单位面积产量,总产量/播种面积，与区域平均对比,总产量 / 播种面积，与区域平均对比,"{""总产量"": 100, ""播种面积，与区域平均对比"": 25}",启发生成（需人工审核）
0111_0112_04,小麦良种覆盖率,审定/登记良种面积占比,审定 / 登记良种面积占比,"{""审定"": 100, ""登记良种面积占比"": 25}",启发生成（需人工审核）
0111_0112_05,小麦订单销售占比,订单/合同收购量占比,订单 / 合同收购量占比,"{""订单"": 100, ""合同收购量占比"": 25}",启发生成（需人工审核）
0111_0113_03,玉米单位面积产量,总产量/播种面积，与区域平均对比,总产量 / 播种面积，与区域平均对比,"{""总产量"": 100, ""播种面积，与区域平均对比"": 25}",启发生成（需人工审核）
0111_0113_04,玉米良种覆盖率,审定/登记良种面积占比,审定 / 登记良种面积占比,"{""审定"": 100, ""登记良种面积占比"": 25}",启发生成（需人工审核）
0111_0113_05,玉米订单销售占比,订单/合同收购量占比,订单 / 合同收购量占比,"{""订单"": 100, ""合同收购量占比"": 25}",启发生成（需人工审核）
0111_0119_03,其他谷物单位面积产量,总产量/播种面积，与区域平均对比,总产量 / 播种面积，与区域平均对比,"{""总产量"": 100, ""播种面积，与区域平均对比"": 25}",启发生成（需人工审核）
0111_0119_04,其他谷物良种覆盖率,审定/登记良种面积占比,审定 / 登记良种面积占比,"{""审定"": 100, ""登记良种面积占比"": 25}",启发生成（需人工审核）
0111_0119_05,其他谷物订单销售占比,订单/合同收购量占比,订单 / 合同收购量占比,"{""订单"": 100, ""合同收购量占比"": 25}",启发生成（需人工审核）
0112_08,薯/豆/油料种植面积,薯类、豆类、油料种植面积,薯类 / 豆类 / 油料种植面积,"{""薯类"": 100, ""豆类"": 62, ""油料种植面积"": 25}",启发生成（需人工审核）
0112_0121_03,豆类单位面积产量,总产量/播种面积，与区域平均对比,总产量 / 播种面积，与区域平均对比,"{""总产量"": 100, ""播种面积，与区域平均对比"": 25}",启发生成（需人工审核）
0112_0121_04,豆类良种覆盖率,审定/登记良种面积占比,审定 / 登记良种面积占比,"{""审定"": 100, ""登记良种面积占比"": 25}",启发生成（需人工审核）
0112_0121_05,豆类订单销售占比,订单/合同收购量占比,订单 / 合同收购量占比,"{""订单"": 100, ""合同收购量占比"": 25}",启发生成（需人工审核）
0112_0122_03,油料单位面积产量,总产量/播种面积，与区域平均对比,总产量 / 播种面积，与区域平均对比,"{""总产量"": 100, ""播种面积，与区域平均对比"": 25}",启发生成（需人工审核）
0112_0122_04,油料良种覆盖率,审定/登记良种面积占比,审定 / 登记良种面积占比,"{""审定"": 100, ""登记良种面积占比"": 25}",启发生成（需人工审核）
0112_0122_05,油料订单销售占比,订单/合同收购量占比,订单 / 合同收购量占比,"{""订单"": 100, ""合同收购量占比"": 25}",启发生成（需人工审核）
0112_0123_03,薯类单位面积产量,总产量/播种面积，与区域平均对比,总产量 / 播种面积，与区域平均对比,"{""总产量"": 100, ""播种面积，与区域平均对比"": 25}",启发生成（需人工审核）
0112_0123_04,薯类良种覆盖率,审定/登记良种面积占比,审定 / 登记良种面积占比,"{""审定"": 100, ""登记良种面积占比"": 25}",启发生成（需人工审核）
0112_0123_05,薯类订单销售占比,订单/合同收购量占比,订单 / 合同收购量占比,"{""订单"": 100, ""合同收购量占比"": 25}",启发生成（需人工审核）
0113_01,棉麻糖烟种植面积,棉花、麻类、糖料、烟草面积,棉花 / 麻类 / 糖料 / 烟草面积,"{""棉花"": 100, ""麻类"": 75, ""糖料"": 50, ""烟草面积"": 25}",启发生成（需人工审核）
0113_02,订单收购占比,订单/合同收购量占比,订单 / 合同收购量占比,"{""订单"": 100, ""合同收购量占比"": 25}",启发生成（需人工审核）
0113_0131_03,棉花单位面积产量,总产量/播种面积，与区域平均对比,总产量 / 播种面积，与区域平均对比,"{""总产量"": 100, ""播种面积，与区域平均对比"": 25}",启发生成（需人工审核）
0113_0131_04,棉花良种覆盖率,审定/登记良种面积占比,审定 / 登记良种面积占比,"{""审定"": 100, ""登记良种面积占比"": 25}",启发生成（需人工审核）
0113_0131_05,棉花订单销售占比,订单/合同收购量占比,订单 / 合同收购量占比,"{""订单"": 100, ""合同收购量占比"": 25}",启发生成（需人工审核）
0113_0132_03,麻类单位面积产量,总产量/播种面积，与区域平均对比,总产量 / 播种面积，与区域平均对比,"{""总产量"": 100, ""播种面积，与区域平均对比"": 25}",启发生成（需人工审核）
0113_0132_04,麻类良种覆盖率,审定/登记良种面积占比,审定 / 登记良种面积占比,"{""审定"": 100, ""登记良种面积占比"": 25}",启发生成（需人工审核）
0113_0132_05,麻类订单销售占比,订单/合同收购量占比,订单 / 合同收购量占比,"{""订单"": 100, ""合同收购量占比"": 25}",启发生成（需人工审核）
0113_0132_08,亚麻订单种植面积,亚麻订单/基地合同种植面积,亚麻订单 / 基地合同种植面积,"{""亚麻订单"": 100, ""基地合同种植面积"": 25}",启发生成（需人工审核）
0113_0133_03,糖料单位面积产量,总产量/播种面积，与区域平均对比,总产量 / 播种面积，与区域平均对比,"{""总产量"": 100, ""播种面积，与区域平均对比"": 25}",启发生成（需人工审核）
0113_0133_04,糖料良种覆盖率,审定/登记良种面积占比,审定 / 登记良种面积占比,"{""审定"": 100, ""登记良种面积占比"": 25}",启发生成（需人工审核）
0113_0133_05,糖料订单销售占比,订单/合同收购量占比,订单 / 合同收购量占比,"{""订单"": 100, ""合同收购量占比"": 25}",启发生成（需人工审核）
0113_0134_03,烟草单位面积产量,总产量/播种面积，与区域平均对比,总产量 / 播种面积，与区域平均对比,"{""总产量"": 100, ""播种面积，与区域平均对比"": 25}",启发生成（需人工审核）
0113_0134_04,烟草良种覆盖率,审定/登记良种面积占比,审定 / 登记良种面积占比,"{""审定"": 100, ""登记良种面积占比"": 25}",启发生成（需人工审核）
0113_0134_05,烟草订单销售占比,订单/合同收购量占比,订单 / 合同收购量占比,"{""订单"": 100, ""合同收购量占比"": 25}",启发生成（需人工审核）
0114_03,寒地设施（温室/大棚）面积,日光温室/大棚蔬菜面积,日光温室 / 大棚蔬菜面积,"{""日光温室"": 100, ""大棚蔬菜面积"": 25}",启发生成（需人工审核）
0114_05,设施蔬菜面积占比,大棚/温室面积占蔬菜面积比,大棚 / 温室面积占蔬菜面积比,"{""大棚"": 100, ""温室面积占蔬菜面积比"": 25}",启发生成（需人工审核）
0114_0141_03,蔬菜单位面积产量,总产量/播种面积，与区域平均对比,总产量 / 播种面积，与区域平均对比,"{""总产量"": 100, ""播种面积，与区域平均对比"": 25}",启发生成（需人工审核）
0114_0141_04,蔬菜良种覆盖率,审定/登记良种面积占比,审定 / 登记良种面积占比,"{""审定"": 100, ""登记良种面积占比"": 25}",启发生成（需人工审核）
0114_0141_05,蔬菜订单销售占比,订单/合同收购量占比,订单 / 合同收购量占比,"{""订单"": 100, ""合同收购量占比"": 25}",启发生成（需人工审核）
0114_0142_03,食用菌单位面积产量,总产量/播种面积，与区域平均对比,总产量 / 播种面积，与区域平均对比,"{""总产量"": 100, ""播种面积，与区域平均对比"": 25}",启发生成（需人工审核）
0114_0142_04,食用菌良种覆盖率,审定/登记良种面积占比,审定 / 登记良种面积占比,"{""审定"": 100, ""登记良种面积占比"": 25}",启发生成（需人工审核）
0114_0142_05,食用菌订单销售占比,订单/合同收购量占比,订单 / 合同收购量占比,"{""订单"": 100, ""合同收购量占比"": 25}",启发生成（需人工审核）
0114_0143_03,花卉单位面积产量,总产量/播种面积，与区域平均对比,总产量 / 播种面积，与区域平均对比,"{""总产量"": 100, ""播种面积，与区域平均对比"": 25}",启发生成（需人工审核）
0114_0143_04,花卉良种覆盖率,审定/登记良种面积占比,审定 / 登记良种面积占比,"{""审定"": 100, ""登记良种面积占比"": 25}",启发生成（需人工审核）
0114_0143_05,花卉订单销售占比,订单/合同收购量占比,订单 / 合同收购量占比,"{""订单"": 100, ""合同收购量占比"": 25}",启发生成（需人工审核）
0114_0143_07,设施栽培面积占比,温室/大棚花卉面积占比,温室 / 大棚花卉面积占比,"{""温室"": 100, ""大棚花卉面积占比"": 25}",启发生成（需人工审核）
0114_0149_03,其他园艺作物单位面积产量,总产量/播种面积，与区域平均对比,总产量 / 播种面积，与区域平均对比,"{""总产量"": 100, ""播种面积，与区域平均对比"": 25}",启发生成（需人工审核）
0114_0149_04,其他园艺作物良种覆盖率,审定/登记良种面积占比,审定 / 登记良种面积占比,"{""审定"": 100, ""登记良种面积占比"": 25}",启发生成（需人工审核）
0114_0149_05,其他园艺作物订单销售占比,订单/合同收购量占比,订单 / 合同收购量占比,"{""订单"": 100, ""合同收购量占比"": 25}",启发生成（需人工审核）
0115_02,寒地小浆果种植面积,蓝莓/树莓/沙棘等面积,蓝莓 / 树莓 / 沙棘等面积,"{""蓝莓"": 100, ""树莓"": 62, ""沙棘等面积"": 25}",启发生成（需人工审核）
0115_0151_03,仁果类和核果类水果单位面积产量,总产量/播种面积，与区域平均对比,总产量 / 播种面积，与区域平均对比,"{""总产量"": 100, ""播种面积，与区域平均对比"": 25}",启发生成（需人工审核）
0115_0151_04,仁果类和核果类水果良种覆盖率,审定/登记良种面积占比,审定 / 登记良种面积占比,"{""审定"": 100, ""登记良种面积占比"": 25}",启发生成（需人工审核）
0115_0151_05,仁果类和核果类水果订单销售占比,订单/合同收购量占比,订单 / 合同收购量占比,"{""订单"": 100, ""合同收购量占比"": 25}",启发生成（需人工审核）
0115_0152_03,葡萄单位面积产量,总产量/播种面积，与区域平均对比,总产量 / 播种面积，与区域平均对比,"{""总产量"": 100, ""播种面积，与区域平均对比"": 25}",启发生成（需人工审核）
0115_0152_04,葡萄良种覆盖率,审定/登记良种面积占比,审定 / 登记良种面积占比,"{""审定"": 100, ""登记良种面积占比"": 25}",启发生成（需人工审核）
0115_0152_05,葡萄订单销售占比,订单/合同收购量占比,订单 / 合同收购量占比,"{""订单"": 100, ""合同收购量占比"": 25}",启发生成（需人工审核）
0115_0153_03,柑橘类单位面积产量,总产量/播种面积，与区域平均对比,总产量 / 播种面积，与区域平均对比,"{""总产量"": 100, ""播种面积，与区域平均对比"": 25}",启发生成（需人工审核）
0115_0153_04,柑橘类良种覆盖率,审定/登记良种面积占比,审定 / 登记良种面积占比,"{""审定"": 100, ""登记良种面积占比"": 25}",启发生成（需人工审核）
0115_0153_05,柑橘类订单销售占比,订单/合同收购量占比,订单 / 合同收购量占比,"{""订单"": 100, ""合同收购量占比"": 25}",启发生成（需人工审核）
0115_0154_03,香蕉等亚热带水果单位面积产量,总产量/播种面积，与区域平均对比,总产量 / 播种面积，与区域平均对比,"{""总产量"": 100, ""播种面积，与区域平均对比"": 25}",启发生成（需人工审核）
0115_0154_04,香蕉等亚热带水果良种覆盖率,审定/登记良种面积占比,审定 / 登记良种面积占比,"{""审定"": 100, ""登记良种面积占比"": 25}",启发生成（需人工审核）
0115_0154_05,香蕉等亚热带水果订单销售占比,订单/合同收购量占比,订单 / 合同收购量占比,"{""订单"": 100, ""合同收购量占比"": 25}",启发生成（需人工审核）
0115_0159_03,其他水果单位面积产量,总产量/播种面积，与区域平均对比,总产量 / 播种面积，与区域平均对比,"{""总产量"": 100, ""播种面积，与区域平均对比"": 25}",启发生成（需人工审核）
0115_0159_04,其他水果良种覆盖率,审定/登记良种面积占比,审定 / 登记良种面积占比,"{""审定"": 100, ""登记良种面积占比"": 25}",启发生成（需人工审核）
0115_0159_05,其他水果订单销售占比,订单/合同收购量占比,订单 / 合同收购量占比,"{""订单"": 100, ""合同收购量占比"": 25}",启发生成（需人工审核）
0116_02,经济林/茶园面积,坚果、含油果、茶叶等面积,坚果 / 含油果 / 茶叶等面积,"{""坚果"": 100, ""含油果"": 62, ""茶叶等面积"": 25}",启发生成（需人工审核）
0116_0161_03,坚果单位面积产量,总产量/播种面积，与区域平均对比,总产量 / 播种面积，与区域平均对比,"{""总产量"": 100, ""播种面积，与区域平均对比"": 25}",启发生成（需人工审核）
0116_0161_04,坚果良种覆盖率,审定/登记良种面积占比,审定 / 登记良种面积占比,"{""审定"": 100, ""登记良种面积占比"": 25}",启发生成（需人工审核）
0116_0161_05,坚果订单销售占比,订单/合同收购量占比,订单 / 合同收购量占比,"{""订单"": 100, ""合同收购量占比"": 25}",启发生成（需人工审核）
0116_0162_03,含油果单位面积产量,总产量/播种面积，与区域平均对比,总产量 / 播种面积，与区域平均对比,"{""总产量"": 100, ""播种面积，与区域平均对比"": 25}",启发生成（需人工审核）
0116_0162_04,含油果良种覆盖率,审定/登记良种面积占比,审定 / 登记良种面积占比,"{""审定"": 100, ""登记良种面积占比"": 25}",启发生成（需人工审核）
0116_0162_05,含油果订单销售占比,订单/合同收购量占比,订单 / 合同收购量占比,"{""订单"": 100, ""合同收购量占比"": 25}",启发生成（需人工审核）
0116_0162_08,含油果加工转化率,就地加工/销售占比,就地加工 / 销售占比,"{""就地加工"": 100, ""销售占比"": 25}",启发生成（需人工审核）
0116_0163_03,香料作物单位面积产量,总产量/播种面积，与区域平均对比,总产量 / 播种面积，与区域平均对比,"{""总产量"": 100, ""播种面积，与区域平均对比"": 25}",启发生成（需人工审核）
0116_0163_04,香料作物良种覆盖率,审定/登记良种面积占比,审定 / 登记良种面积占比,"{""审定"": 100, ""登记良种面积占比"": 25}",启发生成（需人工审核）
0116_0163_05,香料作物订单销售占比,订单/合同收购量占比,订单 / 合同收购量占比,"{""订单"": 100, ""合同收购量占比"": 25}",启发生成（需人工审核）
0116_0164_03,茶叶单位面积产量,总产量/播种面积，与区域平均对比,总产量 / 播种面积，与区域平均对比,"{""总产量"": 100, ""播种面积，与区域平均对比"": 25}",启发生成（需人工审核）
0116_0164_04,茶叶良种覆盖率,审定/登记良种面积占比,审定 / 登记良种面积占比,"{""审定"": 100, ""登记良种面积占比"": 25}",启发生成（需人工审核）
0116_0164_05,茶叶订单销售占比,订单/合同收购量占比,订单 / 合同收购量占比,"{""订单"": 100, ""合同收购量占比"": 25}",启发生成（需人工审核）
0116_0169_03,其他饮料作物单位面积产量,总产量/播种面积，与区域平均对比,总产量 / 播种面积，与区域平均对比,"{""总产量"": 100, ""播种面积，与区域平均对比"": 25}",启发生成（需人工审核）
0116_0169_04,其他饮料作物良种覆盖率,审定/登记良种面积占比,审定 / 登记良种面积占比,"{""审定"": 100, ""登记良种面积占比"": 25}",启发生成（需人工审核）
0116_0169_05,其他饮料作物订单销售占比,订单/合同收购量占比,订单 / 合同收购量占比,"{""订单"": 100, ""合同收购量占比"": 25}",启发生成（需人工审核）
0117_02,人参种植面积,园参/林下参种植面积,园参 / 林下参种植面积,"{""园参"": 100, ""林下参种植面积"": 25}",启发生成（需人工审核）
0117_0171_03,中草药单位面积产量,总产量/播种面积，与区域平均对比,总产量 / 播种面积，与区域平均对比,"{""总产量"": 100, ""播种面积，与区域平均对比"": 25}",启发生成（需人工审核）
0117_0171_04,中草药良种覆盖率,审定/登记良种面积占比,审定 / 登记良种面积占比,"{""审定"": 100, ""登记良种面积占比"": 25}",启发生成（需人工审核）
0117_0171_05,中草药订单销售占比,订单/合同收购量占比,订单 / 合同收购量占比,"{""订单"": 100, ""合同收购量占比"": 25}",启发生成（需人工审核）
0117_0179_03,其他中药材单位面积产量,总产量/播种面积，与区域平均对比,总产量 / 播种面积，与区域平均对比,"{""总产量"": 100, ""播种面积，与区域平均对比"": 25}",启发生成（需人工审核）
0117_0179_04,其他中药材良种覆盖率,审定/登记良种面积占比,审定 / 登记良种面积占比,"{""审定"": 100, ""登记良种面积占比"": 25}",启发生成（需人工审核）
0117_0179_05,其他中药材订单销售占比,订单/合同收购量占比,订单 / 合同收购量占比,"{""订单"": 100, ""合同收购量占比"": 25}",启发生成（需人工审核）
0118_0181_03,草种植单位面积产量,总产量/播种面积，与区域平均对比,总产量 / 播种面积，与区域平均对比,"{""总产量"": 100, ""播种面积，与区域平均对比"": 25}",启发生成（需人工审核）
0118_0181_04,草种植良种覆盖率,审定/登记良种面积占比,审定 / 登记良种面积占比,"{""审定"": 100, ""登记良种面积占比"": 25}",启发生成（需人工审核）
0118_0181_05,草种植订单销售占比,订单/合同收购量占比,订单 / 合同收购量占比,"{""订单"": 100, ""合同收购量占比"": 25}",启发生成（需人工审核）
0118_0182_03,天然草原割草单位面积产量,总产量/播种面积，与区域平均对比,总产量 / 播种面积，与区域平均对比,"{""总产量"": 100, ""播种面积，与区域平均对比"": 25}",启发生成（需人工审核）
0118_0182_04,天然草原割草良种覆盖率,审定/登记良种面积占比,审定 / 登记良种面积占比,"{""审定"": 100, ""登记良种面积占比"": 25}",启发生成（需人工审核）
0118_0182_05,天然草原割草订单销售占比,订单/合同收购量占比,订单 / 合同收购量占比,"{""订单"": 100, ""合同收购量占比"": 25}",启发生成（需人工审核）
0119_0190_03,其他农业单位面积产量,总产量/播种面积，与区域平均对比,总产量 / 播种面积，与区域平均对比,"{""总产量"": 100, ""播种面积，与区域平均对比"": 25}",启发生成（需人工审核）
0119_0190_04,其他农业良种覆盖率,审定/登记良种面积占比,审定 / 登记良种面积占比,"{""审定"": 100, ""登记良种面积占比"": 25}",启发生成（需人工审核）
0119_0190_05,其他农业订单销售占比,订单/合同收购量占比,订单 / 合同收购量占比,"{""订单"": 100, ""合同收购量占比"": 25}",启发生成（需人工审核）
0121_0211_01,林木经营面积,自有+承包林地/苗圃面积,自有+承包林地 / 苗圃面积,"{""自有+承包林地"": 100, ""苗圃面积"": 25}",启发生成（需人工审核）
0121_0211_02,林木年产量,近12个月出材/育苗量,近12个月出材 / 育苗量,"{""近12个月出材"": 100, ""育苗量"": 25}",启发生成（需人工审核）
0121_0211_03,林木抚育更新面积占比,抚育/更新面积占经营面积比,抚育 / 更新面积占经营面积比,"{""抚育"": 100, ""更新面积占经营面积比"": 25}",启发生成（需人工审核）
0121_0211_04,林木采伐经营许可合规,是否持有采伐/经营许可且无违规,是否持有采伐 / 经营许可且无违规,"{""是否持有采伐"": 100, ""经营许可且无违规"": 25}",启发生成（需人工审核）
0121_0212_01,林木经营面积,自有+承包林地/苗圃面积,自有+承包林地 / 苗圃面积,"{""自有+承包林地"": 100, ""苗圃面积"": 25}",启发生成（需人工审核）
0121_0212_02,林木年产量,近12个月出材/育苗量,近12个月出材 / 育苗量,"{""近12个月出材"": 100, ""育苗量"": 25}",启发生成（需人工审核）
0121_0212_03,林木抚育更新面积占比,抚育/更新面积占经营面积比,抚育 / 更新面积占经营面积比,"{""抚育"": 100, ""更新面积占经营面积比"": 25}",启发生成（需人工审核）
0121_0212_04,林木采伐经营许可合规,是否持有采伐/经营许可且无违规,是否持有采伐 / 经营许可且无违规,"{""是否持有采伐"": 100, ""经营许可且无违规"": 25}",启发生成（需人工审核）
0122_01,年造林面积,人工造林/更新/飞播面积,人工造林 / 更新 / 飞播面积,"{""人工造林"": 100, ""更新"": 62, ""飞播面积"": 25}",启发生成（需人工审核）
0122_0220_01,造林和经营面积,自有+承包林地/苗圃面积,自有+承包林地 / 苗圃面积,"{""自有+承包林地"": 100, ""苗圃面积"": 25}",启发生成（需人工审核）
0122_0220_02,造林和年产量,近12个月出材/育苗量,近12个月出材 / 育苗量,"{""近12个月出材"": 100, ""育苗量"": 25}",启发生成（需人工审核）
0122_0220_03,造林和抚育更新面积占比,抚育/更新面积占经营面积比,抚育 / 更新面积占经营面积比,"{""抚育"": 100, ""更新面积占经营面积比"": 25}",启发生成（需人工审核）
0122_0220_04,造林和采伐经营许可合规,是否持有采伐/经营许可且无违规,是否持有采伐 / 经营许可且无违规,"{""是否持有采伐"": 100, ""经营许可且无违规"": 25}",启发生成（需人工审核）
0123_0231_01,森林经营和经营面积,自有+承包林地/苗圃面积,自有+承包林地 / 苗圃面积,"{""自有+承包林地"": 100, ""苗圃面积"": 25}",启发生成（需人工审核）
0123_0231_02,森林经营和年产量,近12个月出材/育苗量,近12个月出材 / 育苗量,"{""近12个月出材"": 100, ""育苗量"": 25}",启发生成（需人工审核）
0123_0231_03,森林经营和抚育更新面积占比,抚育/更新面积占经营面积比,抚育 / 更新面积占经营面积比,"{""抚育"": 100, ""更新面积占经营面积比"": 25}",启发生成（需人工审核）
0123_0231_04,森林经营和采伐经营许可合规,是否持有采伐/经营许可且无违规,是否持有采伐 / 经营许可且无违规,"{""是否持有采伐"": 100, ""经营许可且无违规"": 25}",启发生成（需人工审核）
0123_0232_01,森林经营面积,自有+承包林地/苗圃面积,自有+承包林地 / 苗圃面积,"{""自有+承包林地"": 100, ""苗圃面积"": 25}",启发生成（需人工审核）
0123_0232_02,森林年产量,近12个月出材/育苗量,近12个月出材 / 育苗量,"{""近12个月出材"": 100, ""育苗量"": 25}",启发生成（需人工审核）
0123_0232_03,森林抚育更新面积占比,抚育/更新面积占经营面积比,抚育 / 更新面积占经营面积比,"{""抚育"": 100, ""更新面积占经营面积比"": 25}",启发生成（需人工审核）
0123_0232_04,森林采伐经营许可合规,是否持有采伐/经营许可且无违规,是否持有采伐 / 经营许可且无违规,"{""是否持有采伐"": 100, ""经营许可且无违规"": 25}",启发生成（需人工审核）
0124_0241_01,木材经营面积,自有+承包林地/苗圃面积,自有+承包林地 / 苗圃面积,"{""自有+承包林地"": 100, ""苗圃面积"": 25}",启发生成（需人工审核）
0124_0241_02,木材年产量,近12个月出材/育苗量,近12个月出材 / 育苗量,"{""近12个月出材"": 100, ""育苗量"": 25}",启发生成（需人工审核）
0124_0241_03,木材抚育更新面积占比,抚育/更新面积占经营面积比,抚育 / 更新面积占经营面积比,"{""抚育"": 100, ""更新面积占经营面积比"": 25}",启发生成（需人工审核）
0124_0241_04,木材采伐经营许可合规,是否持有采伐/经营许可且无违规,是否持有采伐 / 经营许可且无违规,"{""是否持有采伐"": 100, ""经营许可且无违规"": 25}",启发生成（需人工审核）
0124_0242_01,竹材经营面积,自有+承包林地/苗圃面积,自有+承包林地 / 苗圃面积,"{""自有+承包林地"": 100, ""苗圃面积"": 25}",启发生成（需人工审核）
0124_0242_02,竹材年产量,近12个月出材/育苗量,近12个月出材 / 育苗量,"{""近12个月出材"": 100, ""育苗量"": 25}",启发生成（需人工审核）
0124_0242_03,竹材抚育更新面积占比,抚育/更新面积占经营面积比,抚育 / 更新面积占经营面积比,"{""抚育"": 100, ""更新面积占经营面积比"": 25}",启发生成（需人工审核）
0124_0242_04,竹材采伐经营许可合规,是否持有采伐/经营许可且无违规,是否持有采伐 / 经营许可且无违规,"{""是否持有采伐"": 100, ""经营许可且无违规"": 25}",启发生成（需人工审核）
0125_01,林产品年采集量,松脂、油茶、山货等采集量,松脂 / 油茶 / 山货等采集量,"{""松脂"": 100, ""油茶"": 62, ""山货等采集量"": 25}",启发生成（需人工审核）
0125_0251_01,木竹材林产品经营面积,自有+承包林地/苗圃面积,自有+承包林地 / 苗圃面积,"{""自有+承包林地"": 100, ""苗圃面积"": 25}",启发生成（需人工审核）
0125_0251_02,木竹材林产品年产量,近12个月出材/育苗量,近12个月出材 / 育苗量,"{""近12个月出材"": 100, ""育苗量"": 25}",启发生成（需人工审核）
0125_0251_03,木竹材林产品抚育更新面积占比,抚育/更新面积占经营面积比,抚育 / 更新面积占经营面积比,"{""抚育"": 100, ""更新面积占经营面积比"": 25}",启发生成（需人工审核）
0125_0251_04,木竹材林产品采伐经营许可合规,是否持有采伐/经营许可且无违规,是否持有采伐 / 经营许可且无违规,"{""是否持有采伐"": 100, ""经营许可且无违规"": 25}",启发生成（需人工审核）
0125_0252_01,非木竹材林产品经营面积,自有+承包林地/苗圃面积,自有+承包林地 / 苗圃面积,"{""自有+承包林地"": 100, ""苗圃面积"": 25}",启发生成（需人工审核）
0125_0252_02,非木竹材林产品年产量,近12个月出材/育苗量,近12个月出材 / 育苗量,"{""近12个月出材"": 100, ""育苗量"": 25}",启发生成（需人工审核）
0125_0252_03,非木竹材林产品抚育更新面积占比,抚育/更新面积占经营面积比,抚育 / 更新面积占经营面积比,"{""抚育"": 100, ""更新面积占经营面积比"": 25}",启发生成（需人工审核）
0125_0252_04,非木竹材林产品采伐经营许可合规,是否持有采伐/经营许可且无违规,是否持有采伐 / 经营许可且无违规,"{""是否持有采伐"": 100, ""经营许可且无违规"": 25}",启发生成（需人工审核）
013_02,寒区防寒保暖设施覆盖率,暖棚/保温圈舍覆盖比例,暖棚 / 保温圈舍覆盖比例,"{""暖棚"": 100, ""保温圈舍覆盖比例"": 25}",启发生成（需人工审核）
0131_01,主要牲畜存栏量,牛/猪/羊等存栏,牛 / 猪 / 羊等存栏,"{""牛"": 100, ""猪"": 62, ""羊等存栏"": 25}",启发生成（需人工审核）
0131_04,寒地舍饲化养殖比例,舍饲/半舍饲占比,舍饲 / 半舍饲占比,"{""舍饲"": 100, ""半舍饲占比"": 25}",启发生成（需人工审核）
0131_07,肉牛/奶牛存栏量,肉牛、奶牛存栏数,肉牛 / 奶牛存栏数,"{""肉牛"": 100, ""奶牛存栏数"": 25}",启发生成（需人工审核）
0131_0311_03,牛的繁殖成活率,成活仔畜/胎次与配种情况,成活仔畜 / 胎次与配种情况,"{""成活仔畜"": 100, ""胎次与配种情况"": 25}",启发生成（需人工审核）
0131_0311_04,牛的饲料自给率,自有/本地饲料占比,自有 / 本地饲料占比,"{""自有"": 100, ""本地饲料占比"": 25}",启发生成（需人工审核）
0131_0311_05,牛的疫病防控合格,免疫/检疫/消毒记录齐全无疫情,免疫 / 检疫 / 消毒记录齐全无疫情,"{""免疫"": 100, ""检疫"": 62, ""消毒记录齐全无疫情"": 25}",启发生成（需人工审核）
0131_0311_06,牛的订单销售覆盖率,订单/合同收购占比,订单 / 合同收购占比,"{""订单"": 100, ""合同收购占比"": 25}",启发生成（需人工审核）
0131_0312_03,马的繁殖成活率,成活仔畜/胎次与配种情况,成活仔畜 / 胎次与配种情况,"{""成活仔畜"": 100, ""胎次与配种情况"": 25}",启发生成（需人工审核）
0131_0312_04,马的饲料自给率,自有/本地饲料占比,自有 / 本地饲料占比,"{""自有"": 100, ""本地饲料占比"": 25}",启发生成（需人工审核）
0131_0312_05,马的疫病防控合格,免疫/检疫/消毒记录齐全无疫情,免疫 / 检疫 / 消毒记录齐全无疫情,"{""免疫"": 100, ""检疫"": 62, ""消毒记录齐全无疫情"": 25}",启发生成（需人工审核）
0131_0312_06,马的订单销售覆盖率,订单/合同收购占比,订单 / 合同收购占比,"{""订单"": 100, ""合同收购占比"": 25}",启发生成（需人工审核）
0131_0312_07,马匹用途结构,肉用/役用/运动/奶用为主,肉用 / 役用 / 运动 / 奶用为主,,中性/无配置
0131_0312_08,马匹良种覆盖率,良种/纯种马占比,良种 / 纯种马占比,"{""良种"": 100, ""纯种马占比"": 25}",启发生成（需人工审核）
0131_0313_03,猪的繁殖成活率,成活仔畜/胎次与配种情况,成活仔畜 / 胎次与配种情况,"{""成活仔畜"": 100, ""胎次与配种情况"": 25}",启发生成（需人工审核）
0131_0313_04,猪的饲料自给率,自有/本地饲料占比,自有 / 本地饲料占比,"{""自有"": 100, ""本地饲料占比"": 25}",启发生成（需人工审核）
0131_0313_05,猪的疫病防控合格,免疫/检疫/消毒记录齐全无疫情,免疫 / 检疫 / 消毒记录齐全无疫情,"{""免疫"": 100, ""检疫"": 62, ""消毒记录齐全无疫情"": 25}",启发生成（需人工审核）
0131_0313_06,猪的订单销售覆盖率,订单/合同收购占比,订单 / 合同收购占比,"{""订单"": 100, ""合同收购占比"": 25}",启发生成（需人工审核）
0131_0314_03,羊的繁殖成活率,成活仔畜/胎次与配种情况,成活仔畜 / 胎次与配种情况,"{""成活仔畜"": 100, ""胎次与配种情况"": 25}",启发生成（需人工审核）
0131_0314_04,羊的饲料自给率,自有/本地饲料占比,自有 / 本地饲料占比,"{""自有"": 100, ""本地饲料占比"": 25}",启发生成（需人工审核）
0131_0314_05,羊的疫病防控合格,免疫/检疫/消毒记录齐全无疫情,免疫 / 检疫 / 消毒记录齐全无疫情,"{""免疫"": 100, ""检疫"": 62, ""消毒记录齐全无疫情"": 25}",启发生成（需人工审核）
0131_0314_06,羊的订单销售覆盖率,订单/合同收购占比,订单 / 合同收购占比,"{""订单"": 100, ""合同收购占比"": 25}",启发生成（需人工审核）
0131_0315_03,骆驼繁殖成活率,成活仔畜/胎次与配种情况,成活仔畜 / 胎次与配种情况,"{""成活仔畜"": 100, ""胎次与配种情况"": 25}",启发生成（需人工审核）
0131_0315_04,骆驼饲料自给率,自有/本地饲料占比,自有 / 本地饲料占比,"{""自有"": 100, ""本地饲料占比"": 25}",启发生成（需人工审核）
0131_0315_05,骆驼疫病防控合格,免疫/检疫/消毒记录齐全无疫情,免疫 / 检疫 / 消毒记录齐全无疫情,"{""免疫"": 100, ""检疫"": 62, ""消毒记录齐全无疫情"": 25}",启发生成（需人工审核）
0131_0315_06,骆驼订单销售覆盖率,订单/合同收购占比,订单 / 合同收购占比,"{""订单"": 100, ""合同收购占比"": 25}",启发生成（需人工审核）
0131_0315_07,骆驼产品结构,乳用/肉用/毛绒用为主,乳用 / 肉用 / 毛绒用为主,,中性/无配置
0131_0319_03,其他牲畜繁殖成活率,成活仔畜/胎次与配种情况,成活仔畜 / 胎次与配种情况,"{""成活仔畜"": 100, ""胎次与配种情况"": 25}",启发生成（需人工审核）
0131_0319_04,其他牲畜饲料自给率,自有/本地饲料占比,自有 / 本地饲料占比,"{""自有"": 100, ""本地饲料占比"": 25}",启发生成（需人工审核）
0131_0319_05,其他牲畜疫病防控合格,免疫/检疫/消毒记录齐全无疫情,免疫 / 检疫 / 消毒记录齐全无疫情,"{""免疫"": 100, ""检疫"": 62, ""消毒记录齐全无疫情"": 25}",启发生成（需人工审核）
0131_0319_06,其他牲畜订单销售覆盖率,订单/合同收购占比,订单 / 合同收购占比,"{""订单"": 100, ""合同收购占比"": 25}",启发生成（需人工审核）
0132_01,大鹅/蛋鸡存栏量,大鹅、蛋鸡等存栏,大鹅 / 蛋鸡等存栏,"{""大鹅"": 100, ""蛋鸡等存栏"": 25}",启发生成（需人工审核）
0132_0321_03,鸡的繁殖成活率,成活仔畜/胎次与配种情况,成活仔畜 / 胎次与配种情况,"{""成活仔畜"": 100, ""胎次与配种情况"": 25}",启发生成（需人工审核）
0132_0321_04,鸡的饲料自给率,自有/本地饲料占比,自有 / 本地饲料占比,"{""自有"": 100, ""本地饲料占比"": 25}",启发生成（需人工审核）
0132_0321_05,鸡的疫病防控合格,免疫/检疫/消毒记录齐全无疫情,免疫 / 检疫 / 消毒记录齐全无疫情,"{""免疫"": 100, ""检疫"": 62, ""消毒记录齐全无疫情"": 25}",启发生成（需人工审核）
0132_0321_06,鸡的订单销售覆盖率,订单/合同收购占比,订单 / 合同收购占比,"{""订单"": 100, ""合同收购占比"": 25}",启发生成（需人工审核）
0132_0322_03,鸭的繁殖成活率,成活仔畜/胎次与配种情况,成活仔畜 / 胎次与配种情况,"{""成活仔畜"": 100, ""胎次与配种情况"": 25}",启发生成（需人工审核）
0132_0322_04,鸭的饲料自给率,自有/本地饲料占比,自有 / 本地饲料占比,"{""自有"": 100, ""本地饲料占比"": 25}",启发生成（需人工审核）
0132_0322_05,鸭的疫病防控合格,免疫/检疫/消毒记录齐全无疫情,免疫 / 检疫 / 消毒记录齐全无疫情,"{""免疫"": 100, ""检疫"": 62, ""消毒记录齐全无疫情"": 25}",启发生成（需人工审核）
0132_0322_06,鸭的订单销售覆盖率,订单/合同收购占比,订单 / 合同收购占比,"{""订单"": 100, ""合同收购占比"": 25}",启发生成（需人工审核）
0132_0323_03,鹅的繁殖成活率,成活仔畜/胎次与配种情况,成活仔畜 / 胎次与配种情况,"{""成活仔畜"": 100, ""胎次与配种情况"": 25}",启发生成（需人工审核）
0132_0323_04,鹅的饲料自给率,自有/本地饲料占比,自有 / 本地饲料占比,"{""自有"": 100, ""本地饲料占比"": 25}",启发生成（需人工审核）
0132_0323_05,鹅的疫病防控合格,免疫/检疫/消毒记录齐全无疫情,免疫 / 检疫 / 消毒记录齐全无疫情,"{""免疫"": 100, ""检疫"": 62, ""消毒记录齐全无疫情"": 25}",启发生成（需人工审核）
0132_0323_06,鹅的订单销售覆盖率,订单/合同收购占比,订单 / 合同收购占比,"{""订单"": 100, ""合同收购占比"": 25}",启发生成（需人工审核）
0132_0329_03,其他家禽繁殖成活率,成活仔畜/胎次与配种情况,成活仔畜 / 胎次与配种情况,"{""成活仔畜"": 100, ""胎次与配种情况"": 25}",启发生成（需人工审核）
0132_0329_04,其他家禽饲料自给率,自有/本地饲料占比,自有 / 本地饲料占比,"{""自有"": 100, ""本地饲料占比"": 25}",启发生成（需人工审核）
0132_0329_05,其他家禽疫病防控合格,免疫/检疫/消毒记录齐全无疫情,免疫 / 检疫 / 消毒记录齐全无疫情,"{""免疫"": 100, ""检疫"": 62, ""消毒记录齐全无疫情"": 25}",启发生成（需人工审核）
0132_0329_06,其他家禽订单销售覆盖率,订单/合同收购占比,订单 / 合同收购占比,"{""订单"": 100, ""合同收购占比"": 25}",启发生成（需人工审核）
0132_0329_07,特色禽类品种,鸵鸟/孔雀/鹌鹑/肉鸽等,鸵鸟 / 孔雀 / 鹌鹑 / 肉鸽等,,中性/无配置
0133_0330_03,狩猎和捕捉动物繁殖成活率,成活仔畜/胎次与配种情况,成活仔畜 / 胎次与配种情况,"{""成活仔畜"": 100, ""胎次与配种情况"": 25}",启发生成（需人工审核）
0133_0330_04,狩猎和捕捉动物饲料自给率,自有/本地饲料占比,自有 / 本地饲料占比,"{""自有"": 100, ""本地饲料占比"": 25}",启发生成（需人工审核）
0133_0330_05,狩猎和捕捉动物疫病防控合格,免疫/检疫/消毒记录齐全无疫情,免疫 / 检疫 / 消毒记录齐全无疫情,"{""免疫"": 100, ""检疫"": 62, ""消毒记录齐全无疫情"": 25}",启发生成（需人工审核）
0133_0330_06,狩猎和捕捉动物订单销售覆盖率,订单/合同收购占比,订单 / 合同收购占比,"{""订单"": 100, ""合同收购占比"": 25}",启发生成（需人工审核）
0134_05,特色养殖规模,兔、蜂、鹿、狐貂等存栏,兔 / 蜂 / 鹿 / 狐貂等存栏,"{""兔"": 100, ""蜂"": 75, ""鹿"": 50, ""狐貂等存栏"": 25}",启发生成（需人工审核）
0134_0391_03,兔的繁殖成活率,成活仔畜/胎次与配种情况,成活仔畜 / 胎次与配种情况,"{""成活仔畜"": 100, ""胎次与配种情况"": 25}",启发生成（需人工审核）
0134_0391_04,兔的饲料自给率,自有/本地饲料占比,自有 / 本地饲料占比,"{""自有"": 100, ""本地饲料占比"": 25}",启发生成（需人工审核）
0134_0391_05,兔的疫病防控合格,免疫/检疫/消毒记录齐全无疫情,免疫 / 检疫 / 消毒记录齐全无疫情,"{""免疫"": 100, ""检疫"": 62, ""消毒记录齐全无疫情"": 25}",启发生成（需人工审核）
0134_0391_06,兔的订单销售覆盖率,订单/合同收购占比,订单 / 合同收购占比,"{""订单"": 100, ""合同收购占比"": 25}",启发生成（需人工审核）
0134_0392_03,蜜蜂繁殖成活率,成活仔畜/胎次与配种情况,成活仔畜 / 胎次与配种情况,"{""成活仔畜"": 100, ""胎次与配种情况"": 25}",启发生成（需人工审核）
0134_0392_04,蜜蜂饲料自给率,自有/本地饲料占比,自有 / 本地饲料占比,"{""自有"": 100, ""本地饲料占比"": 25}",启发生成（需人工审核）
0134_0392_05,蜜蜂疫病防控合格,免疫/检疫/消毒记录齐全无疫情,免疫 / 检疫 / 消毒记录齐全无疫情,"{""免疫"": 100, ""检疫"": 62, ""消毒记录齐全无疫情"": 25}",启发生成（需人工审核）
0134_0392_06,蜜蜂订单销售覆盖率,订单/合同收购占比,订单 / 合同收购占比,"{""订单"": 100, ""合同收购占比"": 25}",启发生成（需人工审核）
0134_0399_03,其他未列明畜牧业繁殖成活率,成活仔畜/胎次与配种情况,成活仔畜 / 胎次与配种情况,"{""成活仔畜"": 100, ""胎次与配种情况"": 25}",启发生成（需人工审核）
0134_0399_04,其他未列明畜牧业饲料自给率,自有/本地饲料占比,自有 / 本地饲料占比,"{""自有"": 100, ""本地饲料占比"": 25}",启发生成（需人工审核）
0134_0399_05,其他未列明畜牧业疫病防控合格,免疫/检疫/消毒记录齐全无疫情,免疫 / 检疫 / 消毒记录齐全无疫情,"{""免疫"": 100, ""检疫"": 62, ""消毒记录齐全无疫情"": 25}",启发生成（需人工审核）
0134_0399_06,其他未列明畜牧业订单销售覆盖率,订单/合同收购占比,订单 / 合同收购占比,"{""订单"": 100, ""合同收购占比"": 25}",启发生成（需人工审核）
014_02,寒地冰下养殖面积,冰下/冬季养殖面积,冰下 / 冬季养殖面积,"{""冰下"": 100, ""冬季养殖面积"": 25}",启发生成（需人工审核）
0141_06,河蟹养殖面积,稻田/池塘河蟹养殖面积,稻田 / 池塘河蟹养殖面积,"{""稻田"": 100, ""池塘河蟹养殖面积"": 25}",启发生成（需人工审核）
0141_0411_02,海水年产量,近12个月产量/捕捞量,近12个月产量 / 捕捞量,"{""近12个月产量"": 100, ""捕捞量"": 25}",启发生成（需人工审核）
0141_0411_04,海水养殖捕捞许可合规,持有养殖证/捕捞许可且无违规,持有养殖证 / 捕捞许可且无违规,"{""持有养殖证"": 100, ""捕捞许可且无违规"": 25}",启发生成（需人工审核）
0141_0412_02,内陆年产量,近12个月产量/捕捞量,近12个月产量 / 捕捞量,"{""近12个月产量"": 100, ""捕捞量"": 25}",启发生成（需人工审核）
0141_0412_04,内陆养殖捕捞许可合规,持有养殖证/捕捞许可且无违规,持有养殖证 / 捕捞许可且无违规,"{""持有养殖证"": 100, ""捕捞许可且无违规"": 25}",启发生成（需人工审核）
0142_02,名优冷水鱼捕捞量,大马哈鱼/鲟鳇鱼等捕捞量,大马哈鱼 / 鲟鳇鱼等捕捞量,"{""大马哈鱼"": 100, ""鲟鳇鱼等捕捞量"": 25}",启发生成（需人工审核）
0142_0421_02,海水年产量,近12个月产量/捕捞量,近12个月产量 / 捕捞量,"{""近12个月产量"": 100, ""捕捞量"": 25}",启发生成（需人工审核）
0142_0421_04,海水养殖捕捞许可合规,持有养殖证/捕捞许可且无违规,持有养殖证 / 捕捞许可且无违规,"{""持有养殖证"": 100, ""捕捞许可且无违规"": 25}",启发生成（需人工审核）
0142_0422_02,内陆年产量,近12个月产量/捕捞量,近12个月产量 / 捕捞量,"{""近12个月产量"": 100, ""捕捞量"": 25}",启发生成（需人工审核）
0142_0422_04,内陆养殖捕捞许可合规,持有养殖证/捕捞许可且无违规,持有养殖证 / 捕捞许可且无违规,"{""持有养殖证"": 100, ""捕捞许可且无违规"": 25}",启发生成（需人工审核）
015_02,农机跨区作业面积,跨区域机收/机耕作业面积,跨区域机收 / 机耕作业面积,"{""跨区域机收"": 100, ""机耕作业面积"": 25}",启发生成（需人工审核）
015_03,年服务合同量,农机/植保等服务合同额,农机 / 植保等服务合同额,"{""农机"": 100, ""植保等服务合同额"": 25}",启发生成（需人工审核）
015_06,秸秆打包离田服务量,秸秆打包/离田量,秸秆打包 / 离田量,"{""秸秆打包"": 100, ""离田量"": 25}",启发生成（需人工审核）
0151_02,农机完好率,可用农机/保有量,可用农机 / 保有量,"{""可用农机"": 100, ""保有量"": 25}",启发生成（需人工审核）
0151_0511_01,种子种苗年服务对象数,近12个月服务客户/合作社数,近12个月服务客户 / 合作社数,"{""近12个月服务客户"": 100, ""合作社数"": 25}",启发生成（需人工审核）
0151_0511_05,种子种苗专业资质许可,持有相关作业/经营资质,持有相关作业 / 经营资质,"{""持有相关作业"": 100, ""经营资质"": 25}",启发生成（需人工审核）
0151_0512_01,农业机械年服务对象数,近12个月服务客户/合作社数,近12个月服务客户 / 合作社数,"{""近12个月服务客户"": 100, ""合作社数"": 25}",启发生成（需人工审核）
0151_0512_05,农业机械专业资质许可,持有相关作业/经营资质,持有相关作业 / 经营资质,"{""持有相关作业"": 100, ""经营资质"": 25}",启发生成（需人工审核）
0151_0513_01,灌溉年服务对象数,近12个月服务客户/合作社数,近12个月服务客户 / 合作社数,"{""近12个月服务客户"": 100, ""合作社数"": 25}",启发生成（需人工审核）
0151_0513_05,灌溉专业资质许可,持有相关作业/经营资质,持有相关作业 / 经营资质,"{""持有相关作业"": 100, ""经营资质"": 25}",启发生成（需人工审核）
0151_0514_01,农产品初年服务对象数,近12个月服务客户/合作社数,近12个月服务客户 / 合作社数,"{""近12个月服务客户"": 100, ""合作社数"": 25}",启发生成（需人工审核）
0151_0514_05,农产品初专业资质许可,持有相关作业/经营资质,持有相关作业 / 经营资质,"{""持有相关作业"": 100, ""经营资质"": 25}",启发生成（需人工审核）
0151_0515_01,农作物病虫害防治年服务对象数,近12个月服务客户/合作社数,近12个月服务客户 / 合作社数,"{""近12个月服务客户"": 100, ""合作社数"": 25}",启发生成（需人工审核）
0151_0515_05,农作物病虫害防治专业资质许可,持有相关作业/经营资质,持有相关作业 / 经营资质,"{""持有相关作业"": 100, ""经营资质"": 25}",启发生成（需人工审核）
0151_0519_01,其他农业专业及辅助性年服务对象数,近12个月服务客户/合作社数,近12个月服务客户 / 合作社数,"{""近12个月服务客户"": 100, ""合作社数"": 25}",启发生成（需人工审核）
0151_0519_05,其他农业专业及辅助性专业资质许可,持有相关作业/经营资质,持有相关作业 / 经营资质,"{""持有相关作业"": 100, ""经营资质"": 25}",启发生成（需人工审核）
0152_0521_01,林业有害生物防治年服务对象数,近12个月服务客户/合作社数,近12个月服务客户 / 合作社数,"{""近12个月服务客户"": 100, ""合作社数"": 25}",启发生成（需人工审核）
0152_0521_05,林业有害生物防治专业资质许可,持有相关作业/经营资质,持有相关作业 / 经营资质,"{""持有相关作业"": 100, ""经营资质"": 25}",启发生成（需人工审核）
0152_0522_01,森林防火年服务对象数,近12个月服务客户/合作社数,近12个月服务客户 / 合作社数,"{""近12个月服务客户"": 100, ""合作社数"": 25}",启发生成（需人工审核）
0152_0522_05,森林防火专业资质许可,持有相关作业/经营资质,持有相关作业 / 经营资质,"{""持有相关作业"": 100, ""经营资质"": 25}",启发生成（需人工审核）
0152_0523_01,林产品初级年服务对象数,近12个月服务客户/合作社数,近12个月服务客户 / 合作社数,"{""近12个月服务客户"": 100, ""合作社数"": 25}",启发生成（需人工审核）
0152_0523_05,林产品初级专业资质许可,持有相关作业/经营资质,持有相关作业 / 经营资质,"{""持有相关作业"": 100, ""经营资质"": 25}",启发生成（需人工审核）
0152_0529_01,其他林业专业及辅助性年服务对象数,近12个月服务客户/合作社数,近12个月服务客户 / 合作社数,"{""近12个月服务客户"": 100, ""合作社数"": 25}",启发生成（需人工审核）
0152_0529_05,其他林业专业及辅助性专业资质许可,持有相关作业/经营资质,持有相关作业 / 经营资质,"{""持有相关作业"": 100, ""经营资质"": 25}",启发生成（需人工审核）
0153_0531_01,畜牧良种年服务对象数,近12个月服务客户/合作社数,近12个月服务客户 / 合作社数,"{""近12个月服务客户"": 100, ""合作社数"": 25}",启发生成（需人工审核）
0153_0531_05,畜牧良种专业资质许可,持有相关作业/经营资质,持有相关作业 / 经营资质,"{""持有相关作业"": 100, ""经营资质"": 25}",启发生成（需人工审核）
0153_0539_01,其他畜牧专业及辅助性年服务对象数,近12个月服务客户/合作社数,近12个月服务客户 / 合作社数,"{""近12个月服务客户"": 100, ""合作社数"": 25}",启发生成（需人工审核）
0153_0539_05,其他畜牧专业及辅助性专业资质许可,持有相关作业/经营资质,持有相关作业 / 经营资质,"{""持有相关作业"": 100, ""经营资质"": 25}",启发生成（需人工审核）
0154_02,鱼苗存活率,出塘/销售鱼苗存活率,出塘 / 销售鱼苗存活率,"{""出塘"": 100, ""销售鱼苗存活率"": 25}",启发生成（需人工审核）
0154_0541_01,鱼苗及鱼种场年服务对象数,近12个月服务客户/合作社数,近12个月服务客户 / 合作社数,"{""近12个月服务客户"": 100, ""合作社数"": 25}",启发生成（需人工审核）
0154_0541_05,鱼苗及鱼种场专业资质许可,持有相关作业/经营资质,持有相关作业 / 经营资质,"{""持有相关作业"": 100, ""经营资质"": 25}",启发生成（需人工审核）
0154_0549_01,其他渔业专业及辅助性年服务对象数,近12个月服务客户/合作社数,近12个月服务客户 / 合作社数,"{""近12个月服务客户"": 100, ""合作社数"": 25}",启发生成（需人工审核）
0154_0549_05,其他渔业专业及辅助性专业资质许可,持有相关作业/经营资质,持有相关作业 / 经营资质,"{""持有相关作业"": 100, ""经营资质"": 25}",启发生成（需人工审核）
02_03,产能利用率,实际产量/设计产能（取连续3个月生产报表均值）,实际产量 / 设计产能,"{""实际产量"": 100, ""设计产能"": 25}",启发生成（需人工审核）
0211_1311_01,稻谷年加工量,近12个月主产品加工/产量,近12个月主产品加工 / 产量,"{""近12个月主产品加工"": 100, ""产量"": 25}",启发生成（需人工审核）
0211_1311_02,稻谷产能利用率,实际产量/设计产能,实际产量 / 设计产能,"{""实际产量"": 100, ""设计产能"": 25}",启发生成（需人工审核）
0211_1312_01,小麦年加工量,近12个月主产品加工/产量,近12个月主产品加工 / 产量,"{""近12个月主产品加工"": 100, ""产量"": 25}",启发生成（需人工审核）
0211_1312_02,小麦产能利用率,实际产量/设计产能,实际产量 / 设计产能,"{""实际产量"": 100, ""设计产能"": 25}",启发生成（需人工审核）
0211_1313_01,玉米年加工量,近12个月主产品加工/产量,近12个月主产品加工 / 产量,"{""近12个月主产品加工"": 100, ""产量"": 25}",启发生成（需人工审核）
0211_1313_02,玉米产能利用率,实际产量/设计产能,实际产量 / 设计产能,"{""实际产量"": 100, ""设计产能"": 25}",启发生成（需人工审核）
0211_1314_01,杂粮年加工量,近12个月主产品加工/产量,近12个月主产品加工 / 产量,"{""近12个月主产品加工"": 100, ""产量"": 25}",启发生成（需人工审核）
0211_1314_02,杂粮产能利用率,实际产量/设计产能,实际产量 / 设计产能,"{""实际产量"": 100, ""设计产能"": 25}",启发生成（需人工审核）
0211_1319_01,其他谷物磨制年加工量,近12个月主产品加工/产量,近12个月主产品加工 / 产量,"{""近12个月主产品加工"": 100, ""产量"": 25}",启发生成（需人工审核）
0211_1319_02,其他谷物磨制产能利用率,实际产量/设计产能,实际产量 / 设计产能,"{""实际产量"": 100, ""设计产能"": 25}",启发生成（需人工审核）
0212_1391_01,淀粉及淀粉制品年加工量,近12个月主产品加工/产量,近12个月主产品加工 / 产量,"{""近12个月主产品加工"": 100, ""产量"": 25}",启发生成（需人工审核）
0212_1391_02,淀粉及淀粉制品产能利用率,实际产量/设计产能,实际产量 / 设计产能,"{""实际产量"": 100, ""设计产能"": 25}",启发生成（需人工审核）
0213_1392_01,豆制品年加工量,近12个月主产品加工/产量,近12个月主产品加工 / 产量,"{""近12个月主产品加工"": 100, ""产量"": 25}",启发生成（需人工审核）
0213_1392_02,豆制品产能利用率,实际产量/设计产能,实际产量 / 设计产能,"{""实际产量"": 100, ""设计产能"": 25}",启发生成（需人工审核）
0214_02,大豆油加工量,大豆压榨/豆油产量,大豆压榨 / 豆油产量,"{""大豆压榨"": 100, ""豆油产量"": 25}",启发生成（需人工审核）
0214_1331_01,食用植物油年加工量,近12个月主产品加工/产量,近12个月主产品加工 / 产量,"{""近12个月主产品加工"": 100, ""产量"": 25}",启发生成（需人工审核）
0214_1331_02,食用植物油产能利用率,实际产量/设计产能,实际产量 / 设计产能,"{""实际产量"": 100, ""设计产能"": 25}",启发生成（需人工审核）
0215_01,饲料年产量,配合/预混饲料年产量,配合 / 预混饲料年产量,"{""配合"": 100, ""预混饲料年产量"": 25}",启发生成（需人工审核）
0215_1321_01,宠物饲料年加工量,近12个月主产品加工/产量,近12个月主产品加工 / 产量,"{""近12个月主产品加工"": 100, ""产量"": 25}",启发生成（需人工审核）
0215_1321_02,宠物饲料产能利用率,实际产量/设计产能,实际产量 / 设计产能,"{""实际产量"": 100, ""设计产能"": 25}",启发生成（需人工审核）
0215_1329_01,其他饲料年加工量,近12个月主产品加工/产量,近12个月主产品加工 / 产量,"{""近12个月主产品加工"": 100, ""产量"": 25}",启发生成（需人工审核）
0215_1329_02,其他饲料产能利用率,实际产量/设计产能,实际产量 / 设计产能,"{""实际产量"": 100, ""设计产能"": 25}",启发生成（需人工审核）
0221_01,年屠宰量,牲畜/禽类年屠宰量,牲畜 / 禽类年屠宰量,"{""牲畜"": 100, ""禽类年屠宰量"": 25}",启发生成（需人工审核）
0221_1351_01,牲畜屠宰年加工量,近12个月主产品加工/产量,近12个月主产品加工 / 产量,"{""近12个月主产品加工"": 100, ""产量"": 25}",启发生成（需人工审核）
0221_1351_02,牲畜屠宰产能利用率,实际产量/设计产能,实际产量 / 设计产能,"{""实际产量"": 100, ""设计产能"": 25}",启发生成（需人工审核）
0221_1352_01,禽类屠宰年加工量,近12个月主产品加工/产量,近12个月主产品加工 / 产量,"{""近12个月主产品加工"": 100, ""产量"": 25}",启发生成（需人工审核）
0221_1352_02,禽类屠宰产能利用率,实际产量/设计产能,实际产量 / 设计产能,"{""实际产量"": 100, ""设计产能"": 25}",启发生成（需人工审核）
0222_1353_01,肉制品及副产品年加工量,近12个月主产品加工/产量,近12个月主产品加工 / 产量,"{""近12个月主产品加工"": 100, ""产量"": 25}",启发生成（需人工审核）
0222_1353_02,肉制品及副产品产能利用率,实际产量/设计产能,实际产量 / 设计产能,"{""实际产量"": 100, ""设计产能"": 25}",启发生成（需人工审核）
0223_1451_01,肉、禽类罐头年加工量,近12个月主产品加工/产量,近12个月主产品加工 / 产量,"{""近12个月主产品加工"": 100, ""产量"": 25}",启发生成（需人工审核）
0223_1451_02,肉、禽类罐头产能利用率,实际产量/设计产能,实际产量 / 设计产能,"{""实际产量"": 100, ""设计产能"": 25}",启发生成（需人工审核）
0224_01,蛋品年加工量,干蛋/冰蛋等加工量,干蛋 / 冰蛋等加工量,"{""干蛋"": 100, ""冰蛋等加工量"": 25}",启发生成（需人工审核）
0224_1393_01,蛋品年加工量,近12个月主产品加工/产量,近12个月主产品加工 / 产量,"{""近12个月主产品加工"": 100, ""产量"": 25}",启发生成（需人工审核）
0224_1393_02,蛋品产能利用率,实际产量/设计产能,实际产量 / 设计产能,"{""实际产量"": 100, ""设计产能"": 25}",启发生成（需人工审核）
0225_01,乳品年产量,液体乳/乳粉年产量,液体乳 / 乳粉年产量,"{""液体乳"": 100, ""乳粉年产量"": 25}",启发生成（需人工审核）
0225_1441_01,液体乳年加工量,近12个月主产品加工/产量,近12个月主产品加工 / 产量,"{""近12个月主产品加工"": 100, ""产量"": 25}",启发生成（需人工审核）
0225_1441_02,液体乳产能利用率,实际产量/设计产能,实际产量 / 设计产能,"{""实际产量"": 100, ""设计产能"": 25}",启发生成（需人工审核）
0225_1442_01,乳粉年加工量,近12个月主产品加工/产量,近12个月主产品加工 / 产量,"{""近12个月主产品加工"": 100, ""产量"": 25}",启发生成（需人工审核）
0225_1442_02,乳粉产能利用率,实际产量/设计产能,实际产量 / 设计产能,"{""实际产量"": 100, ""设计产能"": 25}",启发生成（需人工审核）
0225_1449_01,其他乳制品年加工量,近12个月主产品加工/产量,近12个月主产品加工 / 产量,"{""近12个月主产品加工"": 100, ""产量"": 25}",启发生成（需人工审核）
0225_1449_02,其他乳制品产能利用率,实际产量/设计产能,实际产量 / 设计产能,"{""实际产量"": 100, ""设计产能"": 25}",启发生成（需人工审核）
0231_02,蔬菜年加工量,冷冻/干制/腌渍等加工量,冷冻 / 干制 / 腌渍等加工量,"{""冷冻"": 100, ""干制"": 62, ""腌渍等加工量"": 25}",启发生成（需人工审核）
0231_1371_01,蔬菜年加工量,近12个月主产品加工/产量,近12个月主产品加工 / 产量,"{""近12个月主产品加工"": 100, ""产量"": 25}",启发生成（需人工审核）
0231_1371_02,蔬菜产能利用率,实际产量/设计产能,实际产量 / 设计产能,"{""实际产量"": 100, ""设计产能"": 25}",启发生成（需人工审核）
0232_02,食用菌年加工量,干品/盐渍等加工量,干品 / 盐渍等加工量,"{""干品"": 100, ""盐渍等加工量"": 25}",启发生成（需人工审核）
0232_03,黑木耳加工量,黑木耳干品/精深加工量,黑木耳干品 / 精深加工量,"{""黑木耳干品"": 100, ""精深加工量"": 25}",启发生成（需人工审核）
0232_1372_01,食用菌年加工量,近12个月主产品加工/产量,近12个月主产品加工 / 产量,"{""近12个月主产品加工"": 100, ""产量"": 25}",启发生成（需人工审核）
0232_1372_02,食用菌产能利用率,实际产量/设计产能,实际产量 / 设计产能,"{""实际产量"": 100, ""设计产能"": 25}",启发生成（需人工审核）
0233_1373_01,水果和坚果年加工量,近12个月主产品加工/产量,近12个月主产品加工 / 产量,"{""近12个月主产品加工"": 100, ""产量"": 25}",启发生成（需人工审核）
0233_1373_02,水果和坚果产能利用率,实际产量/设计产能,实际产量 / 设计产能,"{""实际产量"": 100, ""设计产能"": 25}",启发生成（需人工审核）
0234_1422_01,蜜饯年加工量,近12个月主产品加工/产量,近12个月主产品加工 / 产量,"{""近12个月主产品加工"": 100, ""产量"": 25}",启发生成（需人工审核）
0234_1422_02,蜜饯产能利用率,实际产量/设计产能,实际产量 / 设计产能,"{""实际产量"": 100, ""设计产能"": 25}",启发生成（需人工审核）
0235_1453_01,蔬菜、水果罐头年加工量,近12个月主产品加工/产量,近12个月主产品加工 / 产量,"{""近12个月主产品加工"": 100, ""产量"": 25}",启发生成（需人工审核）
0235_1453_02,蔬菜、水果罐头产能利用率,实际产量/设计产能,实际产量 / 设计产能,"{""实际产量"": 100, ""设计产能"": 25}",启发生成（需人工审核）
0236_1530_01,精制茶年加工量,近12个月主产品加工/产量,近12个月主产品加工 / 产量,"{""近12个月主产品加工"": 100, ""产量"": 25}",启发生成（需人工审核）
0236_1530_02,精制茶产能利用率,实际产量/设计产能,实际产量 / 设计产能,"{""实际产量"": 100, ""设计产能"": 25}",启发生成（需人工审核）
0241_1361_01,水产品冷冻年加工量,近12个月主产品加工/产量,近12个月主产品加工 / 产量,"{""近12个月主产品加工"": 100, ""产量"": 25}",启发生成（需人工审核）
0241_1361_02,水产品冷冻产能利用率,实际产量/设计产能,实际产量 / 设计产能,"{""实际产量"": 100, ""设计产能"": 25}",启发生成（需人工审核）
0242_1362_01,鱼糜制品及水产品干腌制年加工量,近12个月主产品加工/产量,近12个月主产品加工 / 产量,"{""近12个月主产品加工"": 100, ""产量"": 25}",启发生成（需人工审核）
0242_1362_02,鱼糜制品及水产品干腌制产能利用率,实际产量/设计产能,实际产量 / 设计产能,"{""实际产量"": 100, ""设计产能"": 25}",启发生成（需人工审核）
0243_1363_01,鱼油提取及制品年加工量,近12个月主产品加工/产量,近12个月主产品加工 / 产量,"{""近12个月主产品加工"": 100, ""产量"": 25}",启发生成（需人工审核）
0243_1363_02,鱼油提取及制品产能利用率,实际产量/设计产能,实际产量 / 设计产能,"{""实际产量"": 100, ""设计产能"": 25}",启发生成（需人工审核）
0244_1452_01,水产品罐头年加工量,近12个月主产品加工/产量,近12个月主产品加工 / 产量,"{""近12个月主产品加工"": 100, ""产量"": 25}",启发生成（需人工审核）
0244_1452_02,水产品罐头产能利用率,实际产量/设计产能,实际产量 / 设计产能,"{""实际产量"": 100, ""设计产能"": 25}",启发生成（需人工审核）
0245_1369_01,其他水产品年加工量,近12个月主产品加工/产量,近12个月主产品加工 / 产量,"{""近12个月主产品加工"": 100, ""产量"": 25}",启发生成（需人工审核）
0245_1369_02,其他水产品产能利用率,实际产量/设计产能,实际产量 / 设计产能,"{""实际产量"": 100, ""设计产能"": 25}",启发生成（需人工审核）
025_01,杂粮烘焙产品占比,玉米/杂粮烘焙占比,玉米 / 杂粮烘焙占比,"{""玉米"": 100, ""杂粮烘焙占比"": 25}",启发生成（需人工审核）
0251_02,糕点面包年产量,糕点/面包年产量,糕点 / 面包年产量,"{""糕点"": 100, ""面包年产量"": 25}",启发生成（需人工审核）
0251_1411_01,糕点、面包年加工量,近12个月主产品加工/产量,近12个月主产品加工 / 产量,"{""近12个月主产品加工"": 100, ""产量"": 25}",启发生成（需人工审核）
0251_1411_02,糕点、面包产能利用率,实际产量/设计产能,实际产量 / 设计产能,"{""实际产量"": 100, ""设计产能"": 25}",启发生成（需人工审核）
0252_1419_01,饼干及其他焙烤食品年加工量,近12个月主产品加工/产量,近12个月主产品加工 / 产量,"{""近12个月主产品加工"": 100, ""产量"": 25}",启发生成（需人工审核）
0252_1419_02,饼干及其他焙烤食品产能利用率,实际产量/设计产能,实际产量 / 设计产能,"{""实际产量"": 100, ""设计产能"": 25}",启发生成（需人工审核）
0261_02,米面制品年产量,米/面制品年产量,米 / 面制品年产量,"{""米"": 100, ""面制品年产量"": 25}",启发生成（需人工审核）
0261_1431_01,米、面制品年加工量,近12个月主产品加工/产量,近12个月主产品加工 / 产量,"{""近12个月主产品加工"": 100, ""产量"": 25}",启发生成（需人工审核）
0261_1431_02,米、面制品产能利用率,实际产量/设计产能,实际产量 / 设计产能,"{""实际产量"": 100, ""设计产能"": 25}",启发生成（需人工审核）
0262_1432_01,速冻食品年加工量,近12个月主产品加工/产量,近12个月主产品加工 / 产量,"{""近12个月主产品加工"": 100, ""产量"": 25}",启发生成（需人工审核）
0262_1432_02,速冻食品产能利用率,实际产量/设计产能,实际产量 / 设计产能,"{""实际产量"": 100, ""设计产能"": 25}",启发生成（需人工审核）
0263_1433_01,方便面年加工量,近12个月主产品加工/产量,近12个月主产品加工 / 产量,"{""近12个月主产品加工"": 100, ""产量"": 25}",启发生成（需人工审核）
0263_1433_02,方便面产能利用率,实际产量/设计产能,实际产量 / 设计产能,"{""实际产量"": 100, ""设计产能"": 25}",启发生成（需人工审核）
0264_1439_01,其他方便食品年加工量,近12个月主产品加工/产量,近12个月主产品加工 / 产量,"{""近12个月主产品加工"": 100, ""产量"": 25}",启发生成（需人工审核）
0264_1439_02,其他方便食品产能利用率,实际产量/设计产能,实际产量 / 设计产能,"{""实际产量"": 100, ""设计产能"": 25}",启发生成（需人工审核）
0264_1459_01,其他罐头食品年加工量,近12个月主产品加工/产量,近12个月主产品加工 / 产量,"{""近12个月主产品加工"": 100, ""产量"": 25}",启发生成（需人工审核）
0264_1459_02,其他罐头食品产能利用率,实际产量/设计产能,实际产量 / 设计产能,"{""实际产量"": 100, ""设计产能"": 25}",启发生成（需人工审核）
0271_1461_01,味精年加工量,近12个月主产品加工/产量,近12个月主产品加工 / 产量,"{""近12个月主产品加工"": 100, ""产量"": 25}",启发生成（需人工审核）
0271_1461_02,味精产能利用率,实际产量/设计产能,实际产量 / 设计产能,"{""实际产量"": 100, ""设计产能"": 25}",启发生成（需人工审核）
0272_1462_01,酱油、食醋及类似制品年加工量,近12个月主产品加工/产量,近12个月主产品加工 / 产量,"{""近12个月主产品加工"": 100, ""产量"": 25}",启发生成（需人工审核）
0272_1462_02,酱油、食醋及类似制品产能利用率,实际产量/设计产能,实际产量 / 设计产能,"{""实际产量"": 100, ""设计产能"": 25}",启发生成（需人工审核）
0273_02,添加剂年产量,食品/饲料添加剂年产量,食品 / 饲料添加剂年产量,"{""食品"": 100, ""饲料添加剂年产量"": 25}",启发生成（需人工审核）
0273_1495_01,食品及饲料添加剂年加工量,近12个月主产品加工/产量,近12个月主产品加工 / 产量,"{""近12个月主产品加工"": 100, ""产量"": 25}",启发生成（需人工审核）
0273_1495_02,食品及饲料添加剂产能利用率,实际产量/设计产能,实际产量 / 设计产能,"{""实际产量"": 100, ""设计产能"": 25}",启发生成（需人工审核）
0274_02,发酵制品年产量,其他调味品/发酵制品产量,其他调味品 / 发酵制品产量,"{""其他调味品"": 100, ""发酵制品产量"": 25}",启发生成（需人工审核）
0274_1469_01,其他调味品、发酵制品年加工量,近12个月主产品加工/产量,近12个月主产品加工 / 产量,"{""近12个月主产品加工"": 100, ""产量"": 25}",启发生成（需人工审核）
0274_1469_02,其他调味品、发酵制品产能利用率,实际产量/设计产能,实际产量 / 设计产能,"{""实际产量"": 100, ""设计产能"": 25}",启发生成（需人工审核）
0281_1610_01,烟叶复烤年加工量,近12个月主产品加工/产量,近12个月主产品加工 / 产量,"{""近12个月主产品加工"": 100, ""产量"": 25}",启发生成（需人工审核）
0281_1610_02,烟叶复烤产能利用率,实际产量/设计产能,实际产量 / 设计产能,"{""实际产量"": 100, ""设计产能"": 25}",启发生成（需人工审核）
0281_1620_01,卷烟年加工量,近12个月主产品加工/产量,近12个月主产品加工 / 产量,"{""近12个月主产品加工"": 100, ""产量"": 25}",启发生成（需人工审核）
0281_1620_02,卷烟产能利用率,实际产量/设计产能,实际产量 / 设计产能,"{""实际产量"": 100, ""设计产能"": 25}",启发生成（需人工审核）
0281_1690_01,其他烟草制品年加工量,近12个月主产品加工/产量,近12个月主产品加工 / 产量,"{""近12个月主产品加工"": 100, ""产量"": 25}",启发生成（需人工审核）
0281_1690_02,其他烟草制品产能利用率,实际产量/设计产能,实际产量 / 设计产能,"{""实际产量"": 100, ""设计产能"": 25}",启发生成（需人工审核）
0282_01,酒类年产量,白酒/啤酒/葡萄酒等产量,白酒 / 啤酒 / 葡萄酒等产量,"{""白酒"": 100, ""啤酒"": 62, ""葡萄酒等产量"": 25}",启发生成（需人工审核）
0282_1511_01,酒精年加工量,近12个月主产品加工/产量,近12个月主产品加工 / 产量,"{""近12个月主产品加工"": 100, ""产量"": 25}",启发生成（需人工审核）
0282_1511_02,酒精产能利用率,实际产量/设计产能,实际产量 / 设计产能,"{""实际产量"": 100, ""设计产能"": 25}",启发生成（需人工审核）
0282_1512_01,白酒年加工量,近12个月主产品加工/产量,近12个月主产品加工 / 产量,"{""近12个月主产品加工"": 100, ""产量"": 25}",启发生成（需人工审核）
0282_1512_02,白酒产能利用率,实际产量/设计产能,实际产量 / 设计产能,"{""实际产量"": 100, ""设计产能"": 25}",启发生成（需人工审核）
0282_1513_01,啤酒年加工量,近12个月主产品加工/产量,近12个月主产品加工 / 产量,"{""近12个月主产品加工"": 100, ""产量"": 25}",启发生成（需人工审核）
0282_1513_02,啤酒产能利用率,实际产量/设计产能,实际产量 / 设计产能,"{""实际产量"": 100, ""设计产能"": 25}",启发生成（需人工审核）
0282_1514_01,黄酒年加工量,近12个月主产品加工/产量,近12个月主产品加工 / 产量,"{""近12个月主产品加工"": 100, ""产量"": 25}",启发生成（需人工审核）
0282_1514_02,黄酒产能利用率,实际产量/设计产能,实际产量 / 设计产能,"{""实际产量"": 100, ""设计产能"": 25}",启发生成（需人工审核）
0282_1515_01,葡萄酒年加工量,近12个月主产品加工/产量,近12个月主产品加工 / 产量,"{""近12个月主产品加工"": 100, ""产量"": 25}",启发生成（需人工审核）
0282_1515_02,葡萄酒产能利用率,实际产量/设计产能,实际产量 / 设计产能,"{""实际产量"": 100, ""设计产能"": 25}",启发生成（需人工审核）
0282_1519_01,其他酒年加工量,近12个月主产品加工/产量,近12个月主产品加工 / 产量,"{""近12个月主产品加工"": 100, ""产量"": 25}",启发生成（需人工审核）
0282_1519_02,其他酒产能利用率,实际产量/设计产能,实际产量 / 设计产能,"{""实际产量"": 100, ""设计产能"": 25}",启发生成（需人工审核）
0283_1340_01,制糖业年加工量,近12个月主产品加工/产量,近12个月主产品加工 / 产量,"{""近12个月主产品加工"": 100, ""产量"": 25}",启发生成（需人工审核）
0283_1340_02,制糖业产能利用率,实际产量/设计产能,实际产量 / 设计产能,"{""实际产量"": 100, ""设计产能"": 25}",启发生成（需人工审核）
0284_1523_01,果菜汁及果菜汁饮料年加工量,近12个月主产品加工/产量,近12个月主产品加工 / 产量,"{""近12个月主产品加工"": 100, ""产量"": 25}",启发生成（需人工审核）
0284_1523_02,果菜汁及果菜汁饮料产能利用率,实际产量/设计产能,实际产量 / 设计产能,"{""实际产量"": 100, ""设计产能"": 25}",启发生成（需人工审核）
0284_1524_01,含乳饮料和植物蛋白饮料年加工量,近12个月主产品加工/产量,近12个月主产品加工 / 产量,"{""近12个月主产品加工"": 100, ""产量"": 25}",启发生成（需人工审核）
0284_1524_02,含乳饮料和植物蛋白饮料产能利用率,实际产量/设计产能,实际产量 / 设计产能,"{""实际产量"": 100, ""设计产能"": 25}",启发生成（需人工审核）
0284_1525_01,固体饮料年加工量,近12个月主产品加工/产量,近12个月主产品加工 / 产量,"{""近12个月主产品加工"": 100, ""产量"": 25}",启发生成（需人工审核）
0284_1525_02,固体饮料产能利用率,实际产量/设计产能,实际产量 / 设计产能,"{""实际产量"": 100, ""设计产能"": 25}",启发生成（需人工审核）
0284_1529_01,茶饮料及其他饮料年加工量,近12个月主产品加工/产量,近12个月主产品加工 / 产量,"{""近12个月主产品加工"": 100, ""产量"": 25}",启发生成（需人工审核）
0284_1529_02,茶饮料及其他饮料产能利用率,实际产量/设计产能,实际产量 / 设计产能,"{""实际产量"": 100, ""设计产能"": 25}",启发生成（需人工审核）
0291_2730_01,中药饮片年加工量,近12个月主产品加工/产量,近12个月主产品加工 / 产量,"{""近12个月主产品加工"": 100, ""产量"": 25}",启发生成（需人工审核）
0291_2730_02,中药饮片产能利用率,实际产量/设计产能,实际产量 / 设计产能,"{""实际产量"": 100, ""设计产能"": 25}",启发生成（需人工审核）
0291_2740_01,中成药年加工量,近12个月主产品加工/产量,近12个月主产品加工 / 产量,"{""近12个月主产品加工"": 100, ""产量"": 25}",启发生成（需人工审核）
0291_2740_02,中成药产能利用率,实际产量/设计产能,实际产量 / 设计产能,"{""实际产量"": 100, ""设计产能"": 25}",启发生成（需人工审核）
0292_1421_01,糖果、巧克力年加工量,近12个月主产品加工/产量,近12个月主产品加工 / 产量,"{""近12个月主产品加工"": 100, ""产量"": 25}",启发生成（需人工审核）
0292_1421_02,糖果、巧克力产能利用率,实际产量/设计产能,实际产量 / 设计产能,"{""实际产量"": 100, ""设计产能"": 25}",启发生成（需人工审核）
0293_1491_01,营养食品年加工量,近12个月主产品加工/产量,近12个月主产品加工 / 产量,"{""近12个月主产品加工"": 100, ""产量"": 25}",启发生成（需人工审核）
0293_1491_02,营养食品产能利用率,实际产量/设计产能,实际产量 / 设计产能,"{""实际产量"": 100, ""设计产能"": 25}",启发生成（需人工审核）
0293_1492_01,保健食品年加工量,近12个月主产品加工/产量,近12个月主产品加工 / 产量,"{""近12个月主产品加工"": 100, ""产量"": 25}",启发生成（需人工审核）
0293_1492_02,保健食品产能利用率,实际产量/设计产能,实际产量 / 设计产能,"{""实际产量"": 100, ""设计产能"": 25}",启发生成（需人工审核）
0294_1493_01,冷冻饮品及食用冰年加工量,近12个月主产品加工/产量,近12个月主产品加工 / 产量,"{""近12个月主产品加工"": 100, ""产量"": 25}",启发生成（需人工审核）
0294_1493_02,冷冻饮品及食用冰产能利用率,实际产量/设计产能,实际产量 / 设计产能,"{""实际产量"": 100, ""设计产能"": 25}",启发生成（需人工审核）
0295_1399_01,其他未列明农副食品年加工量,近12个月主产品加工/产量,近12个月主产品加工 / 产量,"{""近12个月主产品加工"": 100, ""产量"": 25}",启发生成（需人工审核）
0295_1399_02,其他未列明农副食品产能利用率,实际产量/设计产能,实际产量 / 设计产能,"{""实际产量"": 100, ""设计产能"": 25}",启发生成（需人工审核）
0295_1499_01,其他未列明食品年加工量,近12个月主产品加工/产量,近12个月主产品加工 / 产量,"{""近12个月主产品加工"": 100, ""产量"": 25}",启发生成（需人工审核）
0295_1499_02,其他未列明食品产能利用率,实际产量/设计产能,实际产量 / 设计产能,"{""实际产量"": 100, ""设计产能"": 25}",启发生成（需人工审核）
031_03,非食用油脂产销率,年销售量/年产量,年销售量 / 年产量,"{""年销售量"": 100, ""年产量"": 25}",启发生成（需人工审核）
0310_01,油脂产销率,年销量/年产量,年销量 / 年产量,"{""年销量"": 100, ""年产量"": 25}",启发生成（需人工审核）
0310_1332_03,非食用植物油产能利用率,实际产量/设计产能,实际产量 / 设计产能,"{""实际产量"": 100, ""设计产能"": 25}",启发生成（需人工审核）
0310_1332_04,非食用植物油原材料本地化率,本地原料/配件采购占比,本地原料 / 配件采购占比,"{""本地原料"": 100, ""配件采购占比"": 25}",启发生成（需人工审核）
0310_1332_06,非食用植物油质量环保合规,质量/环保/生产许可齐备无违规,质量 / 环保 / 生产许可齐备无违规,"{""质量"": 100, ""环保"": 62, ""生产许可齐备无违规"": 25}",启发生成（需人工审核）
032_02,亚麻种植基地面积,自有/订单基地面积,自有 / 订单基地面积,"{""自有"": 100, ""订单基地面积"": 25}",启发生成（需人工审核）
032_03,亚麻订单覆盖率,订单采购量/产量占比,订单采购量 / 产量占比,"{""订单采购量"": 100, ""产量占比"": 25}",启发生成（需人工审核）
0320_01,0320 棉麻加工·棉/麻纱产销率,年销量/年产量,年销量 / 年产量,"{""年销量"": 100, ""年产量"": 25}",启发生成（需人工审核）
0320_02,棉/麻纱年产量,棉纺、麻纺年产量,棉纺 / 麻纺年产量,"{""棉纺"": 100, ""麻纺年产量"": 25}",启发生成（需人工审核）
0320_1711_03,棉纺纱产能利用率,实际产量/设计产能,实际产量 / 设计产能,"{""实际产量"": 100, ""设计产能"": 25}",启发生成（需人工审核）
0320_1711_04,棉纺纱原材料本地化率,本地原料/配件采购占比,本地原料 / 配件采购占比,"{""本地原料"": 100, ""配件采购占比"": 25}",启发生成（需人工审核）
0320_1711_06,棉纺纱质量环保合规,质量/环保/生产许可齐备无违规,质量 / 环保 / 生产许可齐备无违规,"{""质量"": 100, ""环保"": 62, ""生产许可齐备无违规"": 25}",启发生成（需人工审核）
0320_1712_03,棉织造产能利用率,实际产量/设计产能,实际产量 / 设计产能,"{""实际产量"": 100, ""设计产能"": 25}",启发生成（需人工审核）
0320_1712_04,棉织造原材料本地化率,本地原料/配件采购占比,本地原料 / 配件采购占比,"{""本地原料"": 100, ""配件采购占比"": 25}",启发生成（需人工审核）
0320_1712_06,棉织造质量环保合规,质量/环保/生产许可齐备无违规,质量 / 环保 / 生产许可齐备无违规,"{""质量"": 100, ""环保"": 62, ""生产许可齐备无违规"": 25}",启发生成（需人工审核）
0320_1731_03,麻纤维纺前加工和纺纱产能利用率,实际产量/设计产能,实际产量 / 设计产能,"{""实际产量"": 100, ""设计产能"": 25}",启发生成（需人工审核）
0320_1731_04,麻纤维纺前加工和纺纱原材料本地化率,本地原料/配件采购占比,本地原料 / 配件采购占比,"{""本地原料"": 100, ""配件采购占比"": 25}",启发生成（需人工审核）
0320_1731_06,麻纤维纺前加工和纺纱质量环保合规,质量/环保/生产许可齐备无违规,质量 / 环保 / 生产许可齐备无违规,"{""质量"": 100, ""环保"": 62, ""生产许可齐备无违规"": 25}",启发生成（需人工审核）
0320_1732_03,麻织造产能利用率,实际产量/设计产能,实际产量 / 设计产能,"{""实际产量"": 100, ""设计产能"": 25}",启发生成（需人工审核）
0320_1732_04,麻织造原材料本地化率,本地原料/配件采购占比,本地原料 / 配件采购占比,"{""本地原料"": 100, ""配件采购占比"": 25}",启发生成（需人工审核）
0320_1732_06,麻织造质量环保合规,质量/环保/生产许可齐备无违规,质量 / 环保 / 生产许可齐备无违规,"{""质量"": 100, ""环保"": 62, ""生产许可齐备无违规"": 25}",启发生成（需人工审核）
0331_1910_03,皮革鞣制产能利用率,实际产量/设计产能,实际产量 / 设计产能,"{""实际产量"": 100, ""设计产能"": 25}",启发生成（需人工审核）
0331_1910_04,皮革鞣制原材料本地化率,本地原料/配件采购占比,本地原料 / 配件采购占比,"{""本地原料"": 100, ""配件采购占比"": 25}",启发生成（需人工审核）
0331_1910_06,皮革鞣制质量环保合规,质量/环保/生产许可齐备无违规,质量 / 环保 / 生产许可齐备无违规,"{""质量"": 100, ""环保"": 62, ""生产许可齐备无违规"": 25}",启发生成（需人工审核）
0332_01,皮革制品年产量,皮服装/箱包等年产量,皮服装 / 箱包等年产量,"{""皮服装"": 100, ""箱包等年产量"": 25}",启发生成（需人工审核）
0332_1921_03,皮革服装产能利用率,实际产量/设计产能,实际产量 / 设计产能,"{""实际产量"": 100, ""设计产能"": 25}",启发生成（需人工审核）
0332_1921_04,皮革服装原材料本地化率,本地原料/配件采购占比,本地原料 / 配件采购占比,"{""本地原料"": 100, ""配件采购占比"": 25}",启发生成（需人工审核）
0332_1921_06,皮革服装质量环保合规,质量/环保/生产许可齐备无违规,质量 / 环保 / 生产许可齐备无违规,"{""质量"": 100, ""环保"": 62, ""生产许可齐备无违规"": 25}",启发生成（需人工审核）
0332_1922_03,皮箱、包（袋）产能利用率,实际产量/设计产能,实际产量 / 设计产能,"{""实际产量"": 100, ""设计产能"": 25}",启发生成（需人工审核）
0332_1922_04,皮箱、包（袋）原材料本地化率,本地原料/配件采购占比,本地原料 / 配件采购占比,"{""本地原料"": 100, ""配件采购占比"": 25}",启发生成（需人工审核）
0332_1922_06,皮箱、包（袋）质量环保合规,质量/环保/生产许可齐备无违规,质量 / 环保 / 生产许可齐备无违规,"{""质量"": 100, ""环保"": 62, ""生产许可齐备无违规"": 25}",启发生成（需人工审核）
0332_1923_03,皮手套及皮装饰制品产能利用率,实际产量/设计产能,实际产量 / 设计产能,"{""实际产量"": 100, ""设计产能"": 25}",启发生成（需人工审核）
0332_1923_04,皮手套及皮装饰制品原材料本地化率,本地原料/配件采购占比,本地原料 / 配件采购占比,"{""本地原料"": 100, ""配件采购占比"": 25}",启发生成（需人工审核）
0332_1923_06,皮手套及皮装饰制品质量环保合规,质量/环保/生产许可齐备无违规,质量 / 环保 / 生产许可齐备无违规,"{""质量"": 100, ""环保"": 62, ""生产许可齐备无违规"": 25}",启发生成（需人工审核）
0332_1929_03,其他皮革制品产能利用率,实际产量/设计产能,实际产量 / 设计产能,"{""实际产量"": 100, ""设计产能"": 25}",启发生成（需人工审核）
0332_1929_04,其他皮革制品原材料本地化率,本地原料/配件采购占比,本地原料 / 配件采购占比,"{""本地原料"": 100, ""配件采购占比"": 25}",启发生成（需人工审核）
0332_1929_06,其他皮革制品质量环保合规,质量/环保/生产许可齐备无违规,质量 / 环保 / 生产许可齐备无违规,"{""质量"": 100, ""环保"": 62, ""生产许可齐备无违规"": 25}",启发生成（需人工审核）
0332_1952_03,皮鞋产能利用率,实际产量/设计产能,实际产量 / 设计产能,"{""实际产量"": 100, ""设计产能"": 25}",启发生成（需人工审核）
0332_1952_04,皮鞋原材料本地化率,本地原料/配件采购占比,本地原料 / 配件采购占比,"{""本地原料"": 100, ""配件采购占比"": 25}",启发生成（需人工审核）
0332_1952_06,皮鞋质量环保合规,质量/环保/生产许可齐备无违规,质量 / 环保 / 生产许可齐备无违规,"{""质量"": 100, ""环保"": 62, ""生产许可齐备无违规"": 25}",启发生成（需人工审核）
0333_02,毛皮制品年产量,毛皮服装/制品年产量,毛皮服装 / 制品年产量,"{""毛皮服装"": 100, ""制品年产量"": 25}",启发生成（需人工审核）
0333_1931_03,毛皮鞣制产能利用率,实际产量/设计产能,实际产量 / 设计产能,"{""实际产量"": 100, ""设计产能"": 25}",启发生成（需人工审核）
0333_1931_04,毛皮鞣制原材料本地化率,本地原料/配件采购占比,本地原料 / 配件采购占比,"{""本地原料"": 100, ""配件采购占比"": 25}",启发生成（需人工审核）
0333_1931_06,毛皮鞣制质量环保合规,质量/环保/生产许可齐备无违规,质量 / 环保 / 生产许可齐备无违规,"{""质量"": 100, ""环保"": 62, ""生产许可齐备无违规"": 25}",启发生成（需人工审核）
0333_1932_03,毛皮服装产能利用率,实际产量/设计产能,实际产量 / 设计产能,"{""实际产量"": 100, ""设计产能"": 25}",启发生成（需人工审核）
0333_1932_04,毛皮服装原材料本地化率,本地原料/配件采购占比,本地原料 / 配件采购占比,"{""本地原料"": 100, ""配件采购占比"": 25}",启发生成（需人工审核）
0333_1932_06,毛皮服装质量环保合规,质量/环保/生产许可齐备无违规,质量 / 环保 / 生产许可齐备无违规,"{""质量"": 100, ""环保"": 62, ""生产许可齐备无违规"": 25}",启发生成（需人工审核）
0333_1939_03,其他毛皮制品产能利用率,实际产量/设计产能,实际产量 / 设计产能,"{""实际产量"": 100, ""设计产能"": 25}",启发生成（需人工审核）
0333_1939_04,其他毛皮制品原材料本地化率,本地原料/配件采购占比,本地原料 / 配件采购占比,"{""本地原料"": 100, ""配件采购占比"": 25}",启发生成（需人工审核）
0333_1939_06,其他毛皮制品质量环保合规,质量/环保/生产许可齐备无违规,质量 / 环保 / 生产许可齐备无违规,"{""质量"": 100, ""环保"": 62, ""生产许可齐备无违规"": 25}",启发生成（需人工审核）
0334_02,羽绒品质达标率,蓬松度/清洁度达标,蓬松度 / 清洁度达标,"{""蓬松度"": 100, ""清洁度达标"": 25}",启发生成（需人工审核）
0334_1941_03,羽毛（绒）产能利用率,实际产量/设计产能,实际产量 / 设计产能,"{""实际产量"": 100, ""设计产能"": 25}",启发生成（需人工审核）
0334_1941_04,羽毛（绒）原材料本地化率,本地原料/配件采购占比,本地原料 / 配件采购占比,"{""本地原料"": 100, ""配件采购占比"": 25}",启发生成（需人工审核）
0334_1941_06,羽毛（绒）质量环保合规,质量/环保/生产许可齐备无违规,质量 / 环保 / 生产许可齐备无违规,"{""质量"": 100, ""环保"": 62, ""生产许可齐备无违规"": 25}",启发生成（需人工审核）
0334_1942_03,羽毛（绒）制品产能利用率,实际产量/设计产能,实际产量 / 设计产能,"{""实际产量"": 100, ""设计产能"": 25}",启发生成（需人工审核）
0334_1942_04,羽毛（绒）制品原材料本地化率,本地原料/配件采购占比,本地原料 / 配件采购占比,"{""本地原料"": 100, ""配件采购占比"": 25}",启发生成（需人工审核）
0334_1942_06,羽毛（绒）制品质量环保合规,质量/环保/生产许可齐备无违规,质量 / 环保 / 生产许可齐备无违规,"{""质量"": 100, ""环保"": 62, ""生产许可齐备无违规"": 25}",启发生成（需人工审核）
0335_01,毛条/毛纱年产量,毛条、毛纱年产量,毛条 / 毛纱年产量,"{""毛条"": 100, ""毛纱年产量"": 25}",启发生成（需人工审核）
0335_1721_03,毛条和毛纱线产能利用率,实际产量/设计产能,实际产量 / 设计产能,"{""实际产量"": 100, ""设计产能"": 25}",启发生成（需人工审核）
0335_1721_04,毛条和毛纱线原材料本地化率,本地原料/配件采购占比,本地原料 / 配件采购占比,"{""本地原料"": 100, ""配件采购占比"": 25}",启发生成（需人工审核）
0335_1721_06,毛条和毛纱线质量环保合规,质量/环保/生产许可齐备无违规,质量 / 环保 / 生产许可齐备无违规,"{""质量"": 100, ""环保"": 62, ""生产许可齐备无违规"": 25}",启发生成（需人工审核）
0335_1722_03,毛织造产能利用率,实际产量/设计产能,实际产量 / 设计产能,"{""实际产量"": 100, ""设计产能"": 25}",启发生成（需人工审核）
0335_1722_04,毛织造原材料本地化率,本地原料/配件采购占比,本地原料 / 配件采购占比,"{""本地原料"": 100, ""配件采购占比"": 25}",启发生成（需人工审核）
0335_1722_06,毛织造质量环保合规,质量/环保/生产许可齐备无违规,质量 / 环保 / 生产许可齐备无违规,"{""质量"": 100, ""环保"": 62, ""生产许可齐备无违规"": 25}",启发生成（需人工审核）
0336_1741_03,缫丝产能利用率,实际产量/设计产能,实际产量 / 设计产能,"{""实际产量"": 100, ""设计产能"": 25}",启发生成（需人工审核）
0336_1741_04,缫丝原材料本地化率,本地原料/配件采购占比,本地原料 / 配件采购占比,"{""本地原料"": 100, ""配件采购占比"": 25}",启发生成（需人工审核）
0336_1741_06,缫丝质量环保合规,质量/环保/生产许可齐备无违规,质量 / 环保 / 生产许可齐备无违规,"{""质量"": 100, ""环保"": 62, ""生产许可齐备无违规"": 25}",启发生成（需人工审核）
0336_1742_03,绢纺和丝织产能利用率,实际产量/设计产能,实际产量 / 设计产能,"{""实际产量"": 100, ""设计产能"": 25}",启发生成（需人工审核）
0336_1742_04,绢纺和丝织原材料本地化率,本地原料/配件采购占比,本地原料 / 配件采购占比,"{""本地原料"": 100, ""配件采购占比"": 25}",启发生成（需人工审核）
0336_1742_06,绢纺和丝织质量环保合规,质量/环保/生产许可齐备无违规,质量 / 环保 / 生产许可齐备无违规,"{""质量"": 100, ""环保"": 62, ""生产许可齐备无违规"": 25}",启发生成（需人工审核）
034_03,木材原料来源合规,是否持采伐证/合法来源证明,是否持采伐证 / 合法来源证明,"{""是否持采伐证"": 100, ""合法来源证明"": 25}",启发生成（需人工审核）
0341_01,木材检尺合格率,材积/等级抽检,材积 / 等级抽检,"{""材积"": 100, ""等级抽检"": 25}",启发生成（需人工审核）
0341_02,锯材年产量,锯材/木片年产量,锯材 / 木片年产量,"{""锯材"": 100, ""木片年产量"": 25}",启发生成（需人工审核）
0341_2011_03,锯材产能利用率,实际产量/设计产能,实际产量 / 设计产能,"{""实际产量"": 100, ""设计产能"": 25}",启发生成（需人工审核）
0341_2011_04,锯材原材料本地化率,本地原料/配件采购占比,本地原料 / 配件采购占比,"{""本地原料"": 100, ""配件采购占比"": 25}",启发生成（需人工审核）
0341_2011_06,锯材质量环保合规,质量/环保/生产许可齐备无违规,质量 / 环保 / 生产许可齐备无违规,"{""质量"": 100, ""环保"": 62, ""生产许可齐备无违规"": 25}",启发生成（需人工审核）
0341_2012_03,木片产能利用率,实际产量/设计产能,实际产量 / 设计产能,"{""实际产量"": 100, ""设计产能"": 25}",启发生成（需人工审核）
0341_2012_04,木片原材料本地化率,本地原料/配件采购占比,本地原料 / 配件采购占比,"{""本地原料"": 100, ""配件采购占比"": 25}",启发生成（需人工审核）
0341_2012_06,木片质量环保合规,质量/环保/生产许可齐备无违规,质量 / 环保 / 生产许可齐备无违规,"{""质量"": 100, ""环保"": 62, ""生产许可齐备无违规"": 25}",启发生成（需人工审核）
0341_2013_03,单板产能利用率,实际产量/设计产能,实际产量 / 设计产能,"{""实际产量"": 100, ""设计产能"": 25}",启发生成（需人工审核）
0341_2013_04,单板原材料本地化率,本地原料/配件采购占比,本地原料 / 配件采购占比,"{""本地原料"": 100, ""配件采购占比"": 25}",启发生成（需人工审核）
0341_2013_06,单板质量环保合规,质量/环保/生产许可齐备无违规,质量 / 环保 / 生产许可齐备无违规,"{""质量"": 100, ""环保"": 62, ""生产许可齐备无违规"": 25}",启发生成（需人工审核）
0341_2019_03,其他木材产能利用率,实际产量/设计产能,实际产量 / 设计产能,"{""实际产量"": 100, ""设计产能"": 25}",启发生成（需人工审核）
0341_2019_04,其他木材原材料本地化率,本地原料/配件采购占比,本地原料 / 配件采购占比,"{""本地原料"": 100, ""配件采购占比"": 25}",启发生成（需人工审核）
0341_2019_06,其他木材质量环保合规,质量/环保/生产许可齐备无违规,质量 / 环保 / 生产许可齐备无违规,"{""质量"": 100, ""环保"": 62, ""生产许可齐备无违规"": 25}",启发生成（需人工审核）
0342_01,人造板年产量,胶合板/纤维板等产量,胶合板 / 纤维板等产量,"{""胶合板"": 100, ""纤维板等产量"": 25}",启发生成（需人工审核）
0342_2021_03,胶合板产能利用率,实际产量/设计产能,实际产量 / 设计产能,"{""实际产量"": 100, ""设计产能"": 25}",启发生成（需人工审核）
0342_2021_04,胶合板原材料本地化率,本地原料/配件采购占比,本地原料 / 配件采购占比,"{""本地原料"": 100, ""配件采购占比"": 25}",启发生成（需人工审核）
0342_2021_06,胶合板质量环保合规,质量/环保/生产许可齐备无违规,质量 / 环保 / 生产许可齐备无违规,"{""质量"": 100, ""环保"": 62, ""生产许可齐备无违规"": 25}",启发生成（需人工审核）
0342_2022_03,纤维板产能利用率,实际产量/设计产能,实际产量 / 设计产能,"{""实际产量"": 100, ""设计产能"": 25}",启发生成（需人工审核）
0342_2022_04,纤维板原材料本地化率,本地原料/配件采购占比,本地原料 / 配件采购占比,"{""本地原料"": 100, ""配件采购占比"": 25}",启发生成（需人工审核）
0342_2022_06,纤维板质量环保合规,质量/环保/生产许可齐备无违规,质量 / 环保 / 生产许可齐备无违规,"{""质量"": 100, ""环保"": 62, ""生产许可齐备无违规"": 25}",启发生成（需人工审核）
0342_2023_03,刨花板产能利用率,实际产量/设计产能,实际产量 / 设计产能,"{""实际产量"": 100, ""设计产能"": 25}",启发生成（需人工审核）
0342_2023_04,刨花板原材料本地化率,本地原料/配件采购占比,本地原料 / 配件采购占比,"{""本地原料"": 100, ""配件采购占比"": 25}",启发生成（需人工审核）
0342_2023_06,刨花板质量环保合规,质量/环保/生产许可齐备无违规,质量 / 环保 / 生产许可齐备无违规,"{""质量"": 100, ""环保"": 62, ""生产许可齐备无违规"": 25}",启发生成（需人工审核）
0342_2029_03,其他人造板产能利用率,实际产量/设计产能,实际产量 / 设计产能,"{""实际产量"": 100, ""设计产能"": 25}",启发生成（需人工审核）
0342_2029_04,其他人造板原材料本地化率,本地原料/配件采购占比,本地原料 / 配件采购占比,"{""本地原料"": 100, ""配件采购占比"": 25}",启发生成（需人工审核）
0342_2029_06,其他人造板质量环保合规,质量/环保/生产许可齐备无违规,质量 / 环保 / 生产许可齐备无违规,"{""质量"": 100, ""环保"": 62, ""生产许可齐备无违规"": 25}",启发生成（需人工审核）
0343_01,木制品年产量,木门窗/地板/家具等产量,木门窗 / 地板 / 家具等产量,"{""木门窗"": 100, ""地板"": 62, ""家具等产量"": 25}",启发生成（需人工审核）
0343_2031_03,建筑用木料及木材组件产能利用率,实际产量/设计产能,实际产量 / 设计产能,"{""实际产量"": 100, ""设计产能"": 25}",启发生成（需人工审核）
0343_2031_04,建筑用木料及木材组件原材料本地化率,本地原料/配件采购占比,本地原料 / 配件采购占比,"{""本地原料"": 100, ""配件采购占比"": 25}",启发生成（需人工审核）
0343_2031_06,建筑用木料及木材组件质量环保合规,质量/环保/生产许可齐备无违规,质量 / 环保 / 生产许可齐备无违规,"{""质量"": 100, ""环保"": 62, ""生产许可齐备无违规"": 25}",启发生成（需人工审核）
0343_2032_03,木门窗产能利用率,实际产量/设计产能,实际产量 / 设计产能,"{""实际产量"": 100, ""设计产能"": 25}",启发生成（需人工审核）
0343_2032_04,木门窗原材料本地化率,本地原料/配件采购占比,本地原料 / 配件采购占比,"{""本地原料"": 100, ""配件采购占比"": 25}",启发生成（需人工审核）
0343_2032_06,木门窗质量环保合规,质量/环保/生产许可齐备无违规,质量 / 环保 / 生产许可齐备无违规,"{""质量"": 100, ""环保"": 62, ""生产许可齐备无违规"": 25}",启发生成（需人工审核）
0343_2033_03,木楼梯产能利用率,实际产量/设计产能,实际产量 / 设计产能,"{""实际产量"": 100, ""设计产能"": 25}",启发生成（需人工审核）
0343_2033_04,木楼梯原材料本地化率,本地原料/配件采购占比,本地原料 / 配件采购占比,"{""本地原料"": 100, ""配件采购占比"": 25}",启发生成（需人工审核）
0343_2033_06,木楼梯质量环保合规,质量/环保/生产许可齐备无违规,质量 / 环保 / 生产许可齐备无违规,"{""质量"": 100, ""环保"": 62, ""生产许可齐备无违规"": 25}",启发生成（需人工审核）
0343_2034_03,木地板产能利用率,实际产量/设计产能,实际产量 / 设计产能,"{""实际产量"": 100, ""设计产能"": 25}",启发生成（需人工审核）
0343_2034_04,木地板原材料本地化率,本地原料/配件采购占比,本地原料 / 配件采购占比,"{""本地原料"": 100, ""配件采购占比"": 25}",启发生成（需人工审核）
0343_2034_06,木地板质量环保合规,质量/环保/生产许可齐备无违规,质量 / 环保 / 生产许可齐备无违规,"{""质量"": 100, ""环保"": 62, ""生产许可齐备无违规"": 25}",启发生成（需人工审核）
0343_2035_03,木制容器产能利用率,实际产量/设计产能,实际产量 / 设计产能,"{""实际产量"": 100, ""设计产能"": 25}",启发生成（需人工审核）
0343_2035_04,木制容器原材料本地化率,本地原料/配件采购占比,本地原料 / 配件采购占比,"{""本地原料"": 100, ""配件采购占比"": 25}",启发生成（需人工审核）
0343_2035_06,木制容器质量环保合规,质量/环保/生产许可齐备无违规,质量 / 环保 / 生产许可齐备无违规,"{""质量"": 100, ""环保"": 62, ""生产许可齐备无违规"": 25}",启发生成（需人工审核）
0343_2039_03,软木制品及其他木制品产能利用率,实际产量/设计产能,实际产量 / 设计产能,"{""实际产量"": 100, ""设计产能"": 25}",启发生成（需人工审核）
0343_2039_04,软木制品及其他木制品原材料本地化率,本地原料/配件采购占比,本地原料 / 配件采购占比,"{""本地原料"": 100, ""配件采购占比"": 25}",启发生成（需人工审核）
0343_2039_06,软木制品及其他木制品质量环保合规,质量/环保/生产许可齐备无违规,质量 / 环保 / 生产许可齐备无违规,"{""质量"": 100, ""环保"": 62, ""生产许可齐备无违规"": 25}",启发生成（需人工审核）
0344_2041_03,竹制品产能利用率,实际产量/设计产能,实际产量 / 设计产能,"{""实际产量"": 100, ""设计产能"": 25}",启发生成（需人工审核）
0344_2041_04,竹制品原材料本地化率,本地原料/配件采购占比,本地原料 / 配件采购占比,"{""本地原料"": 100, ""配件采购占比"": 25}",启发生成（需人工审核）
0344_2041_06,竹制品质量环保合规,质量/环保/生产许可齐备无违规,质量 / 环保 / 生产许可齐备无违规,"{""质量"": 100, ""环保"": 62, ""生产许可齐备无违规"": 25}",启发生成（需人工审核）
0344_2042_03,藤制品产能利用率,实际产量/设计产能,实际产量 / 设计产能,"{""实际产量"": 100, ""设计产能"": 25}",启发生成（需人工审核）
0344_2042_04,藤制品原材料本地化率,本地原料/配件采购占比,本地原料 / 配件采购占比,"{""本地原料"": 100, ""配件采购占比"": 25}",启发生成（需人工审核）
0344_2042_06,藤制品质量环保合规,质量/环保/生产许可齐备无违规,质量 / 环保 / 生产许可齐备无违规,"{""质量"": 100, ""环保"": 62, ""生产许可齐备无违规"": 25}",启发生成（需人工审核）
0344_2043_03,棕制品产能利用率,实际产量/设计产能,实际产量 / 设计产能,"{""实际产量"": 100, ""设计产能"": 25}",启发生成（需人工审核）
0344_2043_04,棕制品原材料本地化率,本地原料/配件采购占比,本地原料 / 配件采购占比,"{""本地原料"": 100, ""配件采购占比"": 25}",启发生成（需人工审核）
0344_2043_06,棕制品质量环保合规,质量/环保/生产许可齐备无违规,质量 / 环保 / 生产许可齐备无违规,"{""质量"": 100, ""环保"": 62, ""生产许可齐备无违规"": 25}",启发生成（需人工审核）
0344_2049_03,草及其他制品产能利用率,实际产量/设计产能,实际产量 / 设计产能,"{""实际产量"": 100, ""设计产能"": 25}",启发生成（需人工审核）
0344_2049_04,草及其他制品原材料本地化率,本地原料/配件采购占比,本地原料 / 配件采购占比,"{""本地原料"": 100, ""配件采购占比"": 25}",启发生成（需人工审核）
0344_2049_06,草及其他制品质量环保合规,质量/环保/生产许可齐备无违规,质量 / 环保 / 生产许可齐备无违规,"{""质量"": 100, ""环保"": 62, ""生产许可齐备无违规"": 25}",启发生成（需人工审核）
0345_2211_03,木竹浆产能利用率,实际产量/设计产能,实际产量 / 设计产能,"{""实际产量"": 100, ""设计产能"": 25}",启发生成（需人工审核）
0345_2211_04,木竹浆原材料本地化率,本地原料/配件采购占比,本地原料 / 配件采购占比,"{""本地原料"": 100, ""配件采购占比"": 25}",启发生成（需人工审核）
0345_2211_06,木竹浆质量环保合规,质量/环保/生产许可齐备无违规,质量 / 环保 / 生产许可齐备无违规,"{""质量"": 100, ""环保"": 62, ""生产许可齐备无违规"": 25}",启发生成（需人工审核）
035_01,东北民俗工艺品产量,桦树皮画/剪纸等产量,桦树皮画 / 剪纸等产量,"{""桦树皮画"": 100, ""剪纸等产量"": 25}",启发生成（需人工审核）
0351_2411_03,文具产能利用率,实际产量/设计产能,实际产量 / 设计产能,"{""实际产量"": 100, ""设计产能"": 25}",启发生成（需人工审核）
0351_2411_04,文具原材料本地化率,本地原料/配件采购占比,本地原料 / 配件采购占比,"{""本地原料"": 100, ""配件采购占比"": 25}",启发生成（需人工审核）
0351_2411_06,文具质量环保合规,质量/环保/生产许可齐备无违规,质量 / 环保 / 生产许可齐备无违规,"{""质量"": 100, ""环保"": 62, ""生产许可齐备无违规"": 25}",启发生成（需人工审核）
0351_2412_03,笔的产能利用率,实际产量/设计产能,实际产量 / 设计产能,"{""实际产量"": 100, ""设计产能"": 25}",启发生成（需人工审核）
0351_2412_04,笔的原材料本地化率,本地原料/配件采购占比,本地原料 / 配件采购占比,"{""本地原料"": 100, ""配件采购占比"": 25}",启发生成（需人工审核）
0351_2412_06,笔的质量环保合规,质量/环保/生产许可齐备无违规,质量 / 环保 / 生产许可齐备无违规,"{""质量"": 100, ""环保"": 62, ""生产许可齐备无违规"": 25}",启发生成（需人工审核）
0351_2413_03,教学用模型及教具产能利用率,实际产量/设计产能,实际产量 / 设计产能,"{""实际产量"": 100, ""设计产能"": 25}",启发生成（需人工审核）
0351_2413_04,教学用模型及教具原材料本地化率,本地原料/配件采购占比,本地原料 / 配件采购占比,"{""本地原料"": 100, ""配件采购占比"": 25}",启发生成（需人工审核）
0351_2413_06,教学用模型及教具质量环保合规,质量/环保/生产许可齐备无违规,质量 / 环保 / 生产许可齐备无违规,"{""质量"": 100, ""环保"": 62, ""生产许可齐备无违规"": 25}",启发生成（需人工审核）
0351_2419_03,其他文教办公用品产能利用率,实际产量/设计产能,实际产量 / 设计产能,"{""实际产量"": 100, ""设计产能"": 25}",启发生成（需人工审核）
0351_2419_04,其他文教办公用品原材料本地化率,本地原料/配件采购占比,本地原料 / 配件采购占比,"{""本地原料"": 100, ""配件采购占比"": 25}",启发生成（需人工审核）
0351_2419_06,其他文教办公用品质量环保合规,质量/环保/生产许可齐备无违规,质量 / 环保 / 生产许可齐备无违规,"{""质量"": 100, ""环保"": 62, ""生产许可齐备无违规"": 25}",启发生成（需人工审核）
0352_01,乐器年产量,民族/西乐器年产量,民族 / 西乐器年产量,"{""民族"": 100, ""西乐器年产量"": 25}",启发生成（需人工审核）
0352_2421_03,中乐器产能利用率,实际产量/设计产能,实际产量 / 设计产能,"{""实际产量"": 100, ""设计产能"": 25}",启发生成（需人工审核）
0352_2421_04,中乐器原材料本地化率,本地原料/配件采购占比,本地原料 / 配件采购占比,"{""本地原料"": 100, ""配件采购占比"": 25}",启发生成（需人工审核）
0352_2421_06,中乐器质量环保合规,质量/环保/生产许可齐备无违规,质量 / 环保 / 生产许可齐备无违规,"{""质量"": 100, ""环保"": 62, ""生产许可齐备无违规"": 25}",启发生成（需人工审核）
0352_2422_03,西乐器产能利用率,实际产量/设计产能,实际产量 / 设计产能,"{""实际产量"": 100, ""设计产能"": 25}",启发生成（需人工审核）
0352_2422_04,西乐器原材料本地化率,本地原料/配件采购占比,本地原料 / 配件采购占比,"{""本地原料"": 100, ""配件采购占比"": 25}",启发生成（需人工审核）
0352_2422_06,西乐器质量环保合规,质量/环保/生产许可齐备无违规,质量 / 环保 / 生产许可齐备无违规,"{""质量"": 100, ""环保"": 62, ""生产许可齐备无违规"": 25}",启发生成（需人工审核）
0352_2429_03,其他乐器及零件产能利用率,实际产量/设计产能,实际产量 / 设计产能,"{""实际产量"": 100, ""设计产能"": 25}",启发生成（需人工审核）
0352_2429_04,其他乐器及零件原材料本地化率,本地原料/配件采购占比,本地原料 / 配件采购占比,"{""本地原料"": 100, ""配件采购占比"": 25}",启发生成（需人工审核）
0352_2429_06,其他乐器及零件质量环保合规,质量/环保/生产许可齐备无违规,质量 / 环保 / 生产许可齐备无违规,"{""质量"": 100, ""环保"": 62, ""生产许可齐备无违规"": 25}",启发生成（需人工审核）
0353_2459_03,其他玩具产能利用率,实际产量/设计产能,实际产量 / 设计产能,"{""实际产量"": 100, ""设计产能"": 25}",启发生成（需人工审核）
0353_2459_04,其他玩具原材料本地化率,本地原料/配件采购占比,本地原料 / 配件采购占比,"{""本地原料"": 100, ""配件采购占比"": 25}",启发生成（需人工审核）
0353_2459_06,其他玩具质量环保合规,质量/环保/生产许可齐备无违规,质量 / 环保 / 生产许可齐备无违规,"{""质量"": 100, ""环保"": 62, ""生产许可齐备无违规"": 25}",启发生成（需人工审核）
0354_2431_03,雕塑工艺品产能利用率,实际产量/设计产能,实际产量 / 设计产能,"{""实际产量"": 100, ""设计产能"": 25}",启发生成（需人工审核）
0354_2431_04,雕塑工艺品原材料本地化率,本地原料/配件采购占比,本地原料 / 配件采购占比,"{""本地原料"": 100, ""配件采购占比"": 25}",启发生成（需人工审核）
0354_2431_06,雕塑工艺品质量环保合规,质量/环保/生产许可齐备无违规,质量 / 环保 / 生产许可齐备无违规,"{""质量"": 100, ""环保"": 62, ""生产许可齐备无违规"": 25}",启发生成（需人工审核）
0355_2439_03,其他工艺美术及礼仪用品产能利用率,实际产量/设计产能,实际产量 / 设计产能,"{""实际产量"": 100, ""设计产能"": 25}",启发生成（需人工审核）
0355_2439_04,其他工艺美术及礼仪用品原材料本地化率,本地原料/配件采购占比,本地原料 / 配件采购占比,"{""本地原料"": 100, ""配件采购占比"": 25}",启发生成（需人工审核）
0355_2439_06,其他工艺美术及礼仪用品质量环保合规,质量/环保/生产许可齐备无违规,质量 / 环保 / 生产许可齐备无违规,"{""质量"": 100, ""环保"": 62, ""生产许可齐备无违规"": 25}",启发生成（需人工审核）
0356_01,花画工艺品年产量,麦秆/羽毛/粮食花画产量,麦秆 / 羽毛 / 粮食花画产量,"{""麦秆"": 100, ""羽毛"": 62, ""粮食花画产量"": 25}",启发生成（需人工审核）
0356_2434_03,花画工艺品产能利用率,实际产量/设计产能,实际产量 / 设计产能,"{""实际产量"": 100, ""设计产能"": 25}",启发生成（需人工审核）
0356_2434_04,花画工艺品原材料本地化率,本地原料/配件采购占比,本地原料 / 配件采购占比,"{""本地原料"": 100, ""配件采购占比"": 25}",启发生成（需人工审核）
0356_2434_06,花画工艺品质量环保合规,质量/环保/生产许可齐备无违规,质量 / 环保 / 生产许可齐备无违规,"{""质量"": 100, ""环保"": 62, ""生产许可齐备无违规"": 25}",启发生成（需人工审核）
0357_02,编织刺绣品年产量,编织/刺绣/地毯年产量,编织 / 刺绣 / 地毯年产量,"{""编织"": 100, ""刺绣"": 62, ""地毯年产量"": 25}",启发生成（需人工审核）
0357_2435_03,天然植物纤维编织工艺品产能利用率,实际产量/设计产能,实际产量 / 设计产能,"{""实际产量"": 100, ""设计产能"": 25}",启发生成（需人工审核）
0357_2435_04,天然植物纤维编织工艺品原材料本地化率,本地原料/配件采购占比,本地原料 / 配件采购占比,"{""本地原料"": 100, ""配件采购占比"": 25}",启发生成（需人工审核）
0357_2435_06,天然植物纤维编织工艺品质量环保合规,质量/环保/生产许可齐备无违规,质量 / 环保 / 生产许可齐备无违规,"{""质量"": 100, ""环保"": 62, ""生产许可齐备无违规"": 25}",启发生成（需人工审核）
0357_2436_03,抽纱刺绣工艺品产能利用率,实际产量/设计产能,实际产量 / 设计产能,"{""实际产量"": 100, ""设计产能"": 25}",启发生成（需人工审核）
0357_2436_04,抽纱刺绣工艺品原材料本地化率,本地原料/配件采购占比,本地原料 / 配件采购占比,"{""本地原料"": 100, ""配件采购占比"": 25}",启发生成（需人工审核）
0357_2436_06,抽纱刺绣工艺品质量环保合规,质量/环保/生产许可齐备无违规,质量 / 环保 / 生产许可齐备无违规,"{""质量"": 100, ""环保"": 62, ""生产许可齐备无违规"": 25}",启发生成（需人工审核）
0357_2437_03,地毯、挂毯产能利用率,实际产量/设计产能,实际产量 / 设计产能,"{""实际产量"": 100, ""设计产能"": 25}",启发生成（需人工审核）
0357_2437_04,地毯、挂毯原材料本地化率,本地原料/配件采购占比,本地原料 / 配件采购占比,"{""本地原料"": 100, ""配件采购占比"": 25}",启发生成（需人工审核）
0357_2437_06,地毯、挂毯质量环保合规,质量/环保/生产许可齐备无违规,质量 / 环保 / 生产许可齐备无违规,"{""质量"": 100, ""环保"": 62, ""生产许可齐备无违规"": 25}",启发生成（需人工审核）
036_01,发电/供热并网合规,是否并网运行/有经营许可,是否并网运行 / 有经营许可,"{""是否并网运行"": 100, ""有经营许可"": 25}",启发生成（需人工审核）
036_03,秸秆本地化收储率,本地收储秸秆/可收集量,本地收储秸秆 / 可收集量,"{""本地收储秸秆"": 100, ""可收集量"": 25}",启发生成（需人工审核）
0361_2541_03,生物质液体燃料产能利用率,实际产量/设计产能,实际产量 / 设计产能,"{""实际产量"": 100, ""设计产能"": 25}",启发生成（需人工审核）
0361_2541_04,生物质液体燃料原材料本地化率,本地原料/配件采购占比,本地原料 / 配件采购占比,"{""本地原料"": 100, ""配件采购占比"": 25}",启发生成（需人工审核）
0361_2541_06,生物质液体燃料质量环保合规,质量/环保/生产许可齐备无违规,质量 / 环保 / 生产许可齐备无违规,"{""质量"": 100, ""环保"": 62, ""生产许可齐备无违规"": 25}",启发生成（需人工审核）
0362_04,致密成型燃料年产量,秸秆/林木致密成型燃料产量,秸秆 / 林木致密成型燃料产量,"{""秸秆"": 100, ""林木致密成型燃料产量"": 25}",启发生成（需人工审核）
0362_2542_03,生物质致密成型燃料产能利用率,实际产量/设计产能,实际产量 / 设计产能,"{""实际产量"": 100, ""设计产能"": 25}",启发生成（需人工审核）
0362_2542_04,生物质致密成型燃料原材料本地化率,本地原料/配件采购占比,本地原料 / 配件采购占比,"{""本地原料"": 100, ""配件采购占比"": 25}",启发生成（需人工审核）
0362_2542_06,生物质致密成型燃料质量环保合规,质量/环保/生产许可齐备无违规,质量 / 环保 / 生产许可齐备无违规,"{""质量"": 100, ""环保"": 62, ""生产许可齐备无违规"": 25}",启发生成（需人工审核）
0363_01,发电设备利用率,年运行小时/8760,年运行小时 / 8760,"{""年运行小时"": 100, ""8760"": 25}",启发生成（需人工审核）
0363_03,秸秆发电量,秸秆/生物质年发电量,秸秆 / 生物质年发电量,"{""秸秆"": 100, ""生物质年发电量"": 25}",启发生成（需人工审核）
0363_4417_03,生物质能发电产能利用率,实际产量/设计产能,实际产量 / 设计产能,"{""实际产量"": 100, ""设计产能"": 25}",启发生成（需人工审核）
0363_4417_04,生物质能发电原材料本地化率,本地原料/配件采购占比,本地原料 / 配件采购占比,"{""本地原料"": 100, ""配件采购占比"": 25}",启发生成（需人工审核）
0363_4417_06,生物质能发电质量环保合规,质量/环保/生产许可齐备无违规,质量 / 环保 / 生产许可齐备无违规,"{""质量"": 100, ""环保"": 62, ""生产许可齐备无违规"": 25}",启发生成（需人工审核）
0364_4430_03,热力生产和供应产能利用率,实际产量/设计产能,实际产量 / 设计产能,"{""实际产量"": 100, ""设计产能"": 25}",启发生成（需人工审核）
0364_4430_04,热力生产和供应原材料本地化率,本地原料/配件采购占比,本地原料 / 配件采购占比,"{""本地原料"": 100, ""配件采购占比"": 25}",启发生成（需人工审核）
0364_4430_06,热力生产和供应质量环保合规,质量/环保/生产许可齐备无违规,质量 / 环保 / 生产许可齐备无违规,"{""质量"": 100, ""环保"": 62, ""生产许可齐备无违规"": 25}",启发生成（需人工审核）
0365_4412_03,热电联产产能利用率,实际产量/设计产能,实际产量 / 设计产能,"{""实际产量"": 100, ""设计产能"": 25}",启发生成（需人工审核）
0365_4412_04,热电联产原材料本地化率,本地原料/配件采购占比,本地原料 / 配件采购占比,"{""本地原料"": 100, ""配件采购占比"": 25}",启发生成（需人工审核）
0365_4412_06,热电联产质量环保合规,质量/环保/生产许可齐备无违规,质量 / 环保 / 生产许可齐备无违规,"{""质量"": 100, ""环保"": 62, ""生产许可齐备无违规"": 25}",启发生成（需人工审核）
0366_4520_03,生物质燃气生产和供应业产能利用率,实际产量/设计产能,实际产量 / 设计产能,"{""实际产量"": 100, ""设计产能"": 25}",启发生成（需人工审核）
0366_4520_04,生物质燃气生产和供应业原材料本地化率,本地原料/配件采购占比,本地原料 / 配件采购占比,"{""本地原料"": 100, ""配件采购占比"": 25}",启发生成（需人工审核）
0366_4520_06,生物质燃气生产和供应业质量环保合规,质量/环保/生产许可齐备无违规,质量 / 环保 / 生产许可齐备无违规,"{""质量"": 100, ""环保"": 62, ""生产许可齐备无违规"": 25}",启发生成（需人工审核）
0371_2911_03,轮胎产能利用率,实际产量/设计产能,实际产量 / 设计产能,"{""实际产量"": 100, ""设计产能"": 25}",启发生成（需人工审核）
0371_2911_04,轮胎原材料本地化率,本地原料/配件采购占比,本地原料 / 配件采购占比,"{""本地原料"": 100, ""配件采购占比"": 25}",启发生成（需人工审核）
0371_2911_06,轮胎质量环保合规,质量/环保/生产许可齐备无违规,质量 / 环保 / 生产许可齐备无违规,"{""质量"": 100, ""环保"": 62, ""生产许可齐备无违规"": 25}",启发生成（需人工审核）
0372_02,橡胶板管带年产量,橡胶板/管/带年产量,橡胶板 / 管 / 带年产量,"{""橡胶板"": 100, ""管"": 62, ""带年产量"": 25}",启发生成（需人工审核）
0372_2912_03,橡胶板、管、带产能利用率,实际产量/设计产能,实际产量 / 设计产能,"{""实际产量"": 100, ""设计产能"": 25}",启发生成（需人工审核）
0372_2912_04,橡胶板、管、带原材料本地化率,本地原料/配件采购占比,本地原料 / 配件采购占比,"{""本地原料"": 100, ""配件采购占比"": 25}",启发生成（需人工审核）
0372_2912_06,橡胶板、管、带质量环保合规,质量/环保/生产许可齐备无违规,质量 / 环保 / 生产许可齐备无违规,"{""质量"": 100, ""环保"": 62, ""生产许可齐备无违规"": 25}",启发生成（需人工审核）
0373_2913_03,橡胶零件产能利用率,实际产量/设计产能,实际产量 / 设计产能,"{""实际产量"": 100, ""设计产能"": 25}",启发生成（需人工审核）
0373_2913_04,橡胶零件原材料本地化率,本地原料/配件采购占比,本地原料 / 配件采购占比,"{""本地原料"": 100, ""配件采购占比"": 25}",启发生成（需人工审核）
0373_2913_06,橡胶零件质量环保合规,质量/环保/生产许可齐备无违规,质量 / 环保 / 生产许可齐备无违规,"{""质量"": 100, ""环保"": 62, ""生产许可齐备无违规"": 25}",启发生成（需人工审核）
0374_01,医用橡胶卫生达标,卫生/安全标准达标,卫生 / 安全标准达标,"{""卫生"": 100, ""安全标准达标"": 25}",启发生成（需人工审核）
0374_02,橡胶制品年产量,日用/医用橡胶制品年产量,日用 / 医用橡胶制品年产量,"{""日用"": 100, ""医用橡胶制品年产量"": 25}",启发生成（需人工审核）
0374_2915_03,日用及医用橡胶制品产能利用率,实际产量/设计产能,实际产量 / 设计产能,"{""实际产量"": 100, ""设计产能"": 25}",启发生成（需人工审核）
0374_2915_04,日用及医用橡胶制品原材料本地化率,本地原料/配件采购占比,本地原料 / 配件采购占比,"{""本地原料"": 100, ""配件采购占比"": 25}",启发生成（需人工审核）
0374_2915_06,日用及医用橡胶制品质量环保合规,质量/环保/生产许可齐备无违规,质量 / 环保 / 生产许可齐备无违规,"{""质量"": 100, ""环保"": 62, ""生产许可齐备无违规"": 25}",启发生成（需人工审核）
0375_2919_03,其他橡胶制品产能利用率,实际产量/设计产能,实际产量 / 设计产能,"{""实际产量"": 100, ""设计产能"": 25}",启发生成（需人工审核）
0375_2919_04,其他橡胶制品原材料本地化率,本地原料/配件采购占比,本地原料 / 配件采购占比,"{""本地原料"": 100, ""配件采购占比"": 25}",启发生成（需人工审核）
0375_2919_06,其他橡胶制品质量环保合规,质量/环保/生产许可齐备无违规,质量 / 环保 / 生产许可齐备无违规,"{""质量"": 100, ""环保"": 62, ""生产许可齐备无违规"": 25}",启发生成（需人工审核）
0381_02,林化产品年产量,木炭/竹炭/林化产品产量,木炭 / 竹炭 / 林化产品产量,"{""木炭"": 100, ""竹炭"": 62, ""林化产品产量"": 25}",启发生成（需人工审核）
0381_2663_03,林产化学产品产能利用率,实际产量/设计产能,实际产量 / 设计产能,"{""实际产量"": 100, ""设计产能"": 25}",启发生成（需人工审核）
0381_2663_04,林产化学产品原材料本地化率,本地原料/配件采购占比,本地原料 / 配件采购占比,"{""本地原料"": 100, ""配件采购占比"": 25}",启发生成（需人工审核）
0381_2663_06,林产化学产品质量环保合规,质量/环保/生产许可齐备无违规,质量 / 环保 / 生产许可齐备无违规,"{""质量"": 100, ""环保"": 62, ""生产许可齐备无违规"": 25}",启发生成（需人工审核）
0382_02,胶品质达标率,黏度/纯度检测,黏度 / 纯度检测,"{""黏度"": 100, ""纯度检测"": 25}",启发生成（需人工审核）
0382_2667_03,动物胶产能利用率,实际产量/设计产能,实际产量 / 设计产能,"{""实际产量"": 100, ""设计产能"": 25}",启发生成（需人工审核）
0382_2667_04,动物胶原材料本地化率,本地原料/配件采购占比,本地原料 / 配件采购占比,"{""本地原料"": 100, ""配件采购占比"": 25}",启发生成（需人工审核）
0382_2667_06,动物胶质量环保合规,质量/环保/生产许可齐备无违规,质量 / 环保 / 生产许可齐备无违规,"{""质量"": 100, ""环保"": 62, ""生产许可齐备无违规"": 25}",启发生成（需人工审核）
0383_2684_03,香料、香精产能利用率,实际产量/设计产能,实际产量 / 设计产能,"{""实际产量"": 100, ""设计产能"": 25}",启发生成（需人工审核）
0383_2684_04,香料、香精原材料本地化率,本地原料/配件采购占比,本地原料 / 配件采购占比,"{""本地原料"": 100, ""配件采购占比"": 25}",启发生成（需人工审核）
0383_2684_06,香料、香精质量环保合规,质量/环保/生产许可齐备无违规,质量 / 环保 / 生产许可齐备无违规,"{""质量"": 100, ""环保"": 62, ""生产许可齐备无违规"": 25}",启发生成（需人工审核）
0384_2831_03,生物基化学纤维产能利用率,实际产量/设计产能,实际产量 / 设计产能,"{""实际产量"": 100, ""设计产能"": 25}",启发生成（需人工审核）
0384_2831_04,生物基化学纤维原材料本地化率,本地原料/配件采购占比,本地原料 / 配件采购占比,"{""本地原料"": 100, ""配件采购占比"": 25}",启发生成（需人工审核）
0384_2831_06,生物基化学纤维质量环保合规,质量/环保/生产许可齐备无违规,质量 / 环保 / 生产许可齐备无违规,"{""质量"": 100, ""环保"": 62, ""生产许可齐备无违规"": 25}",启发生成（需人工审核）
0385_01,材料质量达标率,降解/性能检测,降解 / 性能检测,"{""降解"": 100, ""性能检测"": 25}",启发生成（需人工审核）
0385_02,生物基材料年产量,生物基/淀粉基材料年产量,生物基 / 淀粉基材料年产量,"{""生物基"": 100, ""淀粉基材料年产量"": 25}",启发生成（需人工审核）
0385_2832_03,生物基、淀粉基新材料产能利用率,实际产量/设计产能,实际产量 / 设计产能,"{""实际产量"": 100, ""设计产能"": 25}",启发生成（需人工审核）
0385_2832_04,生物基、淀粉基新材料原材料本地化率,本地原料/配件采购占比,本地原料 / 配件采购占比,"{""本地原料"": 100, ""配件采购占比"": 25}",启发生成（需人工审核）
0385_2832_06,生物基、淀粉基新材料质量环保合规,质量/环保/生产许可齐备无违规,质量 / 环保 / 生产许可齐备无违规,"{""质量"": 100, ""环保"": 62, ""生产许可齐备无违规"": 25}",启发生成（需人工审核）
04_03,寒地适用农机占比,防寒/大马力等适寒机型产量占比,防寒 / 大马力等适寒机型产量占比,"{""防寒"": 100, ""大马力等适寒机型产量占比"": 25}",启发生成（需人工审核）
0411_2621_03,氮肥产能利用率,实际产量/设计产能,实际产量 / 设计产能,"{""实际产量"": 100, ""设计产能"": 25}",启发生成（需人工审核）
0411_2621_04,氮肥原材料本地化率,本地原料/配件采购占比,本地原料 / 配件采购占比,"{""本地原料"": 100, ""配件采购占比"": 25}",启发生成（需人工审核）
0411_2621_06,氮肥质量环保合规,质量/环保/生产许可齐备无违规,质量 / 环保 / 生产许可齐备无违规,"{""质量"": 100, ""环保"": 62, ""生产许可齐备无违规"": 25}",启发生成（需人工审核）
0412_2622_03,磷肥产能利用率,实际产量/设计产能,实际产量 / 设计产能,"{""实际产量"": 100, ""设计产能"": 25}",启发生成（需人工审核）
0412_2622_04,磷肥原材料本地化率,本地原料/配件采购占比,本地原料 / 配件采购占比,"{""本地原料"": 100, ""配件采购占比"": 25}",启发生成（需人工审核）
0412_2622_06,磷肥质量环保合规,质量/环保/生产许可齐备无违规,质量 / 环保 / 生产许可齐备无违规,"{""质量"": 100, ""环保"": 62, ""生产许可齐备无违规"": 25}",启发生成（需人工审核）
0413_2623_03,钾肥产能利用率,实际产量/设计产能,实际产量 / 设计产能,"{""实际产量"": 100, ""设计产能"": 25}",启发生成（需人工审核）
0413_2623_04,钾肥原材料本地化率,本地原料/配件采购占比,本地原料 / 配件采购占比,"{""本地原料"": 100, ""配件采购占比"": 25}",启发生成（需人工审核）
0413_2623_06,钾肥质量环保合规,质量/环保/生产许可齐备无违规,质量 / 环保 / 生产许可齐备无违规,"{""质量"": 100, ""环保"": 62, ""生产许可齐备无违规"": 25}",启发生成（需人工审核）
0414_2624_03,复混肥料产能利用率,实际产量/设计产能,实际产量 / 设计产能,"{""实际产量"": 100, ""设计产能"": 25}",启发生成（需人工审核）
0414_2624_04,复混肥料原材料本地化率,本地原料/配件采购占比,本地原料 / 配件采购占比,"{""本地原料"": 100, ""配件采购占比"": 25}",启发生成（需人工审核）
0414_2624_06,复混肥料质量环保合规,质量/环保/生产许可齐备无违规,质量 / 环保 / 生产许可齐备无违规,"{""质量"": 100, ""环保"": 62, ""生产许可齐备无违规"": 25}",启发生成（需人工审核）
0415_01,有机肥年产量,有机/微生物肥料年产量,有机 / 微生物肥料年产量,"{""有机"": 100, ""微生物肥料年产量"": 25}",启发生成（需人工审核）
0415_2625_03,有机肥料及微生物肥料产能利用率,实际产量/设计产能,实际产量 / 设计产能,"{""实际产量"": 100, ""设计产能"": 25}",启发生成（需人工审核）
0415_2625_04,有机肥料及微生物肥料原材料本地化率,本地原料/配件采购占比,本地原料 / 配件采购占比,"{""本地原料"": 100, ""配件采购占比"": 25}",启发生成（需人工审核）
0415_2625_06,有机肥料及微生物肥料质量环保合规,质量/环保/生产许可齐备无违规,质量 / 环保 / 生产许可齐备无违规,"{""质量"": 100, ""环保"": 62, ""生产许可齐备无违规"": 25}",启发生成（需人工审核）
0416_2629_03,其他肥料产能利用率,实际产量/设计产能,实际产量 / 设计产能,"{""实际产量"": 100, ""设计产能"": 25}",启发生成（需人工审核）
0416_2629_04,其他肥料原材料本地化率,本地原料/配件采购占比,本地原料 / 配件采购占比,"{""本地原料"": 100, ""配件采购占比"": 25}",启发生成（需人工审核）
0416_2629_06,其他肥料质量环保合规,质量/环保/生产许可齐备无违规,质量 / 环保 / 生产许可齐备无违规,"{""质量"": 100, ""环保"": 62, ""生产许可齐备无违规"": 25}",启发生成（需人工审核）
042_01,农药登记证/兽药GMP,产品是否登记/车间是否过GMP,产品是否登记 / 车间是否过GMP,"{""产品是否登记"": 100, ""车间是否过GMP"": 25}",启发生成（需人工审核）
0421_2631_03,化学农药产能利用率,实际产量/设计产能,实际产量 / 设计产能,"{""实际产量"": 100, ""设计产能"": 25}",启发生成（需人工审核）
0421_2631_04,化学农药原材料本地化率,本地原料/配件采购占比,本地原料 / 配件采购占比,"{""本地原料"": 100, ""配件采购占比"": 25}",启发生成（需人工审核）
0421_2631_06,化学农药质量环保合规,质量/环保/生产许可齐备无违规,质量 / 环保 / 生产许可齐备无违规,"{""质量"": 100, ""环保"": 62, ""生产许可齐备无违规"": 25}",启发生成（需人工审核）
0422_2632_03,生物化学农药及微生物农药产能利用率,实际产量/设计产能,实际产量 / 设计产能,"{""实际产量"": 100, ""设计产能"": 25}",启发生成（需人工审核）
0422_2632_04,生物化学农药及微生物农药原材料本地化率,本地原料/配件采购占比,本地原料 / 配件采购占比,"{""本地原料"": 100, ""配件采购占比"": 25}",启发生成（需人工审核）
0422_2632_06,生物化学农药及微生物农药质量环保合规,质量/环保/生产许可齐备无违规,质量 / 环保 / 生产许可齐备无违规,"{""质量"": 100, ""环保"": 62, ""生产许可齐备无违规"": 25}",启发生成（需人工审核）
0423_2750_03,兽用药品产能利用率,实际产量/设计产能,实际产量 / 设计产能,"{""实际产量"": 100, ""设计产能"": 25}",启发生成（需人工审核）
0423_2750_04,兽用药品原材料本地化率,本地原料/配件采购占比,本地原料 / 配件采购占比,"{""本地原料"": 100, ""配件采购占比"": 25}",启发生成（需人工审核）
0423_2750_06,兽用药品质量环保合规,质量/环保/生产许可齐备无违规,质量 / 环保 / 生产许可齐备无违规,"{""质量"": 100, ""环保"": 62, ""生产许可齐备无违规"": 25}",启发生成（需人工审核）
043_01,农业用塑料制品制造·农用塑料制品年产量,农膜/农用塑料年产量,农膜 / 农用塑料年产量,"{""农膜"": 100, ""农用塑料年产量"": 25}",启发生成（需人工审核）
0431_2921_03,塑料薄膜产能利用率,实际产量/设计产能,实际产量 / 设计产能,"{""实际产量"": 100, ""设计产能"": 25}",启发生成（需人工审核）
0431_2921_04,塑料薄膜原材料本地化率,本地原料/配件采购占比,本地原料 / 配件采购占比,"{""本地原料"": 100, ""配件采购占比"": 25}",启发生成（需人工审核）
0431_2921_06,塑料薄膜质量环保合规,质量/环保/生产许可齐备无违规,质量 / 环保 / 生产许可齐备无违规,"{""质量"": 100, ""环保"": 62, ""生产许可齐备无违规"": 25}",启发生成（需人工审核）
0432_2924_03,泡沫塑料产能利用率,实际产量/设计产能,实际产量 / 设计产能,"{""实际产量"": 100, ""设计产能"": 25}",启发生成（需人工审核）
0432_2924_04,泡沫塑料原材料本地化率,本地原料/配件采购占比,本地原料 / 配件采购占比,"{""本地原料"": 100, ""配件采购占比"": 25}",启发生成（需人工审核）
0432_2924_06,泡沫塑料质量环保合规,质量/环保/生产许可齐备无违规,质量 / 环保 / 生产许可齐备无违规,"{""质量"": 100, ""环保"": 62, ""生产许可齐备无违规"": 25}",启发生成（需人工审核）
0433_02,其他农业用塑料制品制造·农用塑料制品年产量,农用塑料板/丝/编织品产量,农用塑料板 / 丝 / 编织品产量,"{""农用塑料板"": 100, ""丝"": 62, ""编织品产量"": 25}",启发生成（需人工审核）
0433_2922_03,塑料板、管、型材产能利用率,实际产量/设计产能,实际产量 / 设计产能,"{""实际产量"": 100, ""设计产能"": 25}",启发生成（需人工审核）
0433_2922_04,塑料板、管、型材原材料本地化率,本地原料/配件采购占比,本地原料 / 配件采购占比,"{""本地原料"": 100, ""配件采购占比"": 25}",启发生成（需人工审核）
0433_2922_06,塑料板、管、型材质量环保合规,质量/环保/生产许可齐备无违规,质量 / 环保 / 生产许可齐备无违规,"{""质量"": 100, ""环保"": 62, ""生产许可齐备无违规"": 25}",启发生成（需人工审核）
0433_2923_03,塑料丝、绳及编织品产能利用率,实际产量/设计产能,实际产量 / 设计产能,"{""实际产量"": 100, ""设计产能"": 25}",启发生成（需人工审核）
0433_2923_04,塑料丝、绳及编织品原材料本地化率,本地原料/配件采购占比,本地原料 / 配件采购占比,"{""本地原料"": 100, ""配件采购占比"": 25}",启发生成（需人工审核）
0433_2923_06,塑料丝、绳及编织品质量环保合规,质量/环保/生产许可齐备无违规,质量 / 环保 / 生产许可齐备无违规,"{""质量"": 100, ""环保"": 62, ""生产许可齐备无违规"": 25}",启发生成（需人工审核）
0441_3571_03,拖拉机产能利用率,实际产量/设计产能,实际产量 / 设计产能,"{""实际产量"": 100, ""设计产能"": 25}",启发生成（需人工审核）
0441_3571_04,拖拉机原材料本地化率,本地原料/配件采购占比,本地原料 / 配件采购占比,"{""本地原料"": 100, ""配件采购占比"": 25}",启发生成（需人工审核）
0441_3571_06,拖拉机质量环保合规,质量/环保/生产许可齐备无违规,质量 / 环保 / 生产许可齐备无违规,"{""质量"": 100, ""环保"": 62, ""生产许可齐备无违规"": 25}",启发生成（需人工审核）
0442_01,玉米/大豆收获机产量,玉米、大豆收获机械产量,玉米 / 大豆收获机械产量,"{""玉米"": 100, ""大豆收获机械产量"": 25}",启发生成（需人工审核）
0442_3572_03,机械化农业及园艺机具产能利用率,实际产量/设计产能,实际产量 / 设计产能,"{""实际产量"": 100, ""设计产能"": 25}",启发生成（需人工审核）
0442_3572_04,机械化农业及园艺机具原材料本地化率,本地原料/配件采购占比,本地原料 / 配件采购占比,"{""本地原料"": 100, ""配件采购占比"": 25}",启发生成（需人工审核）
0442_3572_06,机械化农业及园艺机具质量环保合规,质量/环保/生产许可齐备无违规,质量 / 环保 / 生产许可齐备无违规,"{""质量"": 100, ""环保"": 62, ""生产许可齐备无违规"": 25}",启发生成（需人工审核）
0443_3524_03,木竹材加工机械产能利用率,实际产量/设计产能,实际产量 / 设计产能,"{""实际产量"": 100, ""设计产能"": 25}",启发生成（需人工审核）
0443_3524_04,木竹材加工机械原材料本地化率,本地原料/配件采购占比,本地原料 / 配件采购占比,"{""本地原料"": 100, ""配件采购占比"": 25}",启发生成（需人工审核）
0443_3524_06,木竹材加工机械质量环保合规,质量/环保/生产许可齐备无违规,质量 / 环保 / 生产许可齐备无违规,"{""质量"": 100, ""环保"": 62, ""生产许可齐备无违规"": 25}",启发生成（需人工审核）
0443_3573_03,营林及木竹采伐机械产能利用率,实际产量/设计产能,实际产量 / 设计产能,"{""实际产量"": 100, ""设计产能"": 25}",启发生成（需人工审核）
0443_3573_04,营林及木竹采伐机械原材料本地化率,本地原料/配件采购占比,本地原料 / 配件采购占比,"{""本地原料"": 100, ""配件采购占比"": 25}",启发生成（需人工审核）
0443_3573_06,营林及木竹采伐机械质量环保合规,质量/环保/生产许可齐备无违规,质量 / 环保 / 生产许可齐备无违规,"{""质量"": 100, ""环保"": 62, ""生产许可齐备无违规"": 25}",启发生成（需人工审核）
0444_3574_03,畜牧机械产能利用率,实际产量/设计产能,实际产量 / 设计产能,"{""实际产量"": 100, ""设计产能"": 25}",启发生成（需人工审核）
0444_3574_04,畜牧机械原材料本地化率,本地原料/配件采购占比,本地原料 / 配件采购占比,"{""本地原料"": 100, ""配件采购占比"": 25}",启发生成（需人工审核）
0444_3574_06,畜牧机械质量环保合规,质量/环保/生产许可齐备无违规,质量 / 环保 / 生产许可齐备无违规,"{""质量"": 100, ""环保"": 62, ""生产许可齐备无违规"": 25}",启发生成（需人工审核）
0445_3575_03,渔业机械产能利用率,实际产量/设计产能,实际产量 / 设计产能,"{""实际产量"": 100, ""设计产能"": 25}",启发生成（需人工审核）
0445_3575_04,渔业机械原材料本地化率,本地原料/配件采购占比,本地原料 / 配件采购占比,"{""本地原料"": 100, ""配件采购占比"": 25}",启发生成（需人工审核）
0445_3575_06,渔业机械质量环保合规,质量/环保/生产许可齐备无违规,质量 / 环保 / 生产许可齐备无违规,"{""质量"": 100, ""环保"": 62, ""生产许可齐备无违规"": 25}",启发生成（需人工审核）
0446_3576_03,农林牧渔机械配件产能利用率,实际产量/设计产能,实际产量 / 设计产能,"{""实际产量"": 100, ""设计产能"": 25}",启发生成（需人工审核）
0446_3576_04,农林牧渔机械配件原材料本地化率,本地原料/配件采购占比,本地原料 / 配件采购占比,"{""本地原料"": 100, ""配件采购占比"": 25}",启发生成（需人工审核）
0446_3576_06,农林牧渔机械配件质量环保合规,质量/环保/生产许可齐备无违规,质量 / 环保 / 生产许可齐备无违规,"{""质量"": 100, ""环保"": 62, ""生产许可齐备无违规"": 25}",启发生成（需人工审核）
0447_3577_03,棉花加工机械产能利用率,实际产量/设计产能,实际产量 / 设计产能,"{""实际产量"": 100, ""设计产能"": 25}",启发生成（需人工审核）
0447_3577_04,棉花加工机械原材料本地化率,本地原料/配件采购占比,本地原料 / 配件采购占比,"{""本地原料"": 100, ""配件采购占比"": 25}",启发生成（需人工审核）
0447_3577_06,棉花加工机械质量环保合规,质量/环保/生产许可齐备无违规,质量 / 环保 / 生产许可齐备无违规,"{""质量"": 100, ""环保"": 62, ""生产许可齐备无违规"": 25}",启发生成（需人工审核）
0448_3579_03,其他农、林、牧、渔业机械产能利用率,实际产量/设计产能,实际产量 / 设计产能,"{""实际产量"": 100, ""设计产能"": 25}",启发生成（需人工审核）
0448_3579_04,其他农、林、牧、渔业机械原材料本地化率,本地原料/配件采购占比,本地原料 / 配件采购占比,"{""本地原料"": 100, ""配件采购占比"": 25}",启发生成（需人工审核）
0448_3579_06,其他农、林、牧、渔业机械质量环保合规,质量/环保/生产许可齐备无违规,质量 / 环保 / 生产许可齐备无违规,"{""质量"": 100, ""环保"": 62, ""生产许可齐备无违规"": 25}",启发生成（需人工审核）
0451_3531_03,食品、酒、饮料及茶生产专用设备产能利用率,实际产量/设计产能,实际产量 / 设计产能,"{""实际产量"": 100, ""设计产能"": 25}",启发生成（需人工审核）
0451_3531_04,食品、酒、饮料及茶生产专用设备原材料本地化率,本地原料/配件采购占比,本地原料 / 配件采购占比,"{""本地原料"": 100, ""配件采购占比"": 25}",启发生成（需人工审核）
0451_3531_06,食品、酒、饮料及茶生产专用设备质量环保合规,质量/环保/生产许可齐备无违规,质量 / 环保 / 生产许可齐备无违规,"{""质量"": 100, ""环保"": 62, ""生产许可齐备无违规"": 25}",启发生成（需人工审核）
0452_3532_03,农副食品加工专用设备产能利用率,实际产量/设计产能,实际产量 / 设计产能,"{""实际产量"": 100, ""设计产能"": 25}",启发生成（需人工审核）
0452_3532_04,农副食品加工专用设备原材料本地化率,本地原料/配件采购占比,本地原料 / 配件采购占比,"{""本地原料"": 100, ""配件采购占比"": 25}",启发生成（需人工审核）
0452_3532_06,农副食品加工专用设备质量环保合规,质量/环保/生产许可齐备无违规,质量 / 环保 / 生产许可齐备无违规,"{""质量"": 100, ""环保"": 62, ""生产许可齐备无违规"": 25}",启发生成（需人工审核）
0453_3533_03,烟草生产专用设备产能利用率,实际产量/设计产能,实际产量 / 设计产能,"{""实际产量"": 100, ""设计产能"": 25}",启发生成（需人工审核）
0453_3533_04,烟草生产专用设备原材料本地化率,本地原料/配件采购占比,本地原料 / 配件采购占比,"{""本地原料"": 100, ""配件采购占比"": 25}",启发生成（需人工审核）
0453_3533_06,烟草生产专用设备质量环保合规,质量/环保/生产许可齐备无违规,质量 / 环保 / 生产许可齐备无违规,"{""质量"": 100, ""环保"": 62, ""生产许可齐备无违规"": 25}",启发生成（需人工审核）
0454_3534_03,饲料生产专用设备产能利用率,实际产量/设计产能,实际产量 / 设计产能,"{""实际产量"": 100, ""设计产能"": 25}",启发生成（需人工审核）
0454_3534_04,饲料生产专用设备原材料本地化率,本地原料/配件采购占比,本地原料 / 配件采购占比,"{""本地原料"": 100, ""配件采购占比"": 25}",启发生成（需人工审核）
0454_3534_06,饲料生产专用设备质量环保合规,质量/环保/生产许可齐备无违规,质量 / 环保 / 生产许可齐备无违规,"{""质量"": 100, ""环保"": 62, ""生产许可齐备无违规"": 25}",启发生成（需人工审核）
0461_3731_03,金属船舶产能利用率,实际产量/设计产能,实际产量 / 设计产能,"{""实际产量"": 100, ""设计产能"": 25}",启发生成（需人工审核）
0461_3731_04,金属船舶原材料本地化率,本地原料/配件采购占比,本地原料 / 配件采购占比,"{""本地原料"": 100, ""配件采购占比"": 25}",启发生成（需人工审核）
0461_3731_06,金属船舶质量环保合规,质量/环保/生产许可齐备无违规,质量 / 环保 / 生产许可齐备无违规,"{""质量"": 100, ""环保"": 62, ""生产许可齐备无违规"": 25}",启发生成（需人工审核）
0462_3732_03,非金属船舶产能利用率,实际产量/设计产能,实际产量 / 设计产能,"{""实际产量"": 100, ""设计产能"": 25}",启发生成（需人工审核）
0462_3732_04,非金属船舶原材料本地化率,本地原料/配件采购占比,本地原料 / 配件采购占比,"{""本地原料"": 100, ""配件采购占比"": 25}",启发生成（需人工审核）
0462_3732_06,非金属船舶质量环保合规,质量/环保/生产许可齐备无违规,质量 / 环保 / 生产许可齐备无违规,"{""质量"": 100, ""环保"": 62, ""生产许可齐备无违规"": 25}",启发生成（需人工审核）
047_02,大田智慧农业设备产量,智慧农机/传感器产量,智慧农机 / 传感器产量,"{""智慧农机"": 100, ""传感器产量"": 25}",启发生成（需人工审核）
0471_3963_03,智能无人飞行器产能利用率,实际产量/设计产能,实际产量 / 设计产能,"{""实际产量"": 100, ""设计产能"": 25}",启发生成（需人工审核）
0471_3963_04,智能无人飞行器原材料本地化率,本地原料/配件采购占比,本地原料 / 配件采购占比,"{""本地原料"": 100, ""配件采购占比"": 25}",启发生成（需人工审核）
0471_3963_06,智能无人飞行器质量环保合规,质量/环保/生产许可齐备无违规,质量 / 环保 / 生产许可齐备无违规,"{""质量"": 100, ""环保"": 62, ""生产许可齐备无违规"": 25}",启发生成（需人工审核）
0472_3492_03,特殊作业机器人产能利用率,实际产量/设计产能,实际产量 / 设计产能,"{""实际产量"": 100, ""设计产能"": 25}",启发生成（需人工审核）
0472_3492_04,特殊作业机器人原材料本地化率,本地原料/配件采购占比,本地原料 / 配件采购占比,"{""本地原料"": 100, ""配件采购占比"": 25}",启发生成（需人工审核）
0472_3492_06,特殊作业机器人质量环保合规,质量/环保/生产许可齐备无违规,质量 / 环保 / 生产许可齐备无违规,"{""质量"": 100, ""环保"": 62, ""生产许可齐备无违规"": 25}",启发生成（需人工审核）
0481_4024_03,农林牧渔专用仪器仪表产能利用率,实际产量/设计产能,实际产量 / 设计产能,"{""实际产量"": 100, ""设计产能"": 25}",启发生成（需人工审核）
0481_4024_04,农林牧渔专用仪器仪表原材料本地化率,本地原料/配件采购占比,本地原料 / 配件采购占比,"{""本地原料"": 100, ""配件采购占比"": 25}",启发生成（需人工审核）
0481_4024_06,农林牧渔专用仪器仪表质量环保合规,质量/环保/生产许可齐备无违规,质量 / 环保 / 生产许可齐备无违规,"{""质量"": 100, ""环保"": 62, ""生产许可齐备无违规"": 25}",启发生成（需人工审核）
0482_3323_03,农用及园林用金属工具产能利用率,实际产量/设计产能,实际产量 / 设计产能,"{""实际产量"": 100, ""设计产能"": 25}",启发生成（需人工审核）
0482_3323_04,农用及园林用金属工具原材料本地化率,本地原料/配件采购占比,本地原料 / 配件采购占比,"{""本地原料"": 100, ""配件采购占比"": 25}",启发生成（需人工审核）
0482_3323_06,农用及园林用金属工具质量环保合规,质量/环保/生产许可齐备无违规,质量 / 环保 / 生产许可齐备无违规,"{""质量"": 100, ""环保"": 62, ""生产许可齐备无违规"": 25}",启发生成（需人工审核）
0490_4821_03,水源及供水设施工程建筑产能利用率,实际产量/设计产能,实际产量 / 设计产能,"{""实际产量"": 100, ""设计产能"": 25}",启发生成（需人工审核）
0490_4821_04,水源及供水设施工程建筑原材料本地化率,本地原料/配件采购占比,本地原料 / 配件采购占比,"{""本地原料"": 100, ""配件采购占比"": 25}",启发生成（需人工审核）
0490_4821_06,水源及供水设施工程建筑质量环保合规,质量/环保/生产许可齐备无违规,质量 / 环保 / 生产许可齐备无违规,"{""质量"": 100, ""环保"": 62, ""生产许可齐备无违规"": 25}",启发生成（需人工审核）
0511_5111_01,谷物、豆及薯类年交易额,近12个月成交/营业额,近12个月成交 / 营业额,"{""近12个月成交"": 100, ""营业额"": 25}",启发生成（需人工审核）
0511_5111_04,谷物、豆及薯类仓储物流设施合规,仓储/运输设施符合规范且有许可,仓储 / 运输设施符合规范且有许可,"{""仓储"": 100, ""运输设施符合规范且有许可"": 25}",启发生成（需人工审核）
0511_5113_01,畜牧渔业饲料年交易额,近12个月成交/营业额,近12个月成交 / 营业额,"{""近12个月成交"": 100, ""营业额"": 25}",启发生成（需人工审核）
0511_5113_04,畜牧渔业饲料仓储物流设施合规,仓储/运输设施符合规范且有许可,仓储 / 运输设施符合规范且有许可,"{""仓储"": 100, ""运输设施符合规范且有许可"": 25}",启发生成（需人工审核）
0511_5114_01,棉、麻年交易额,近12个月成交/营业额,近12个月成交 / 营业额,"{""近12个月成交"": 100, ""营业额"": 25}",启发生成（需人工审核）
0511_5114_04,棉、麻仓储物流设施合规,仓储/运输设施符合规范且有许可,仓储 / 运输设施符合规范且有许可,"{""仓储"": 100, ""运输设施符合规范且有许可"": 25}",启发生成（需人工审核）
0511_5115_01,林业产品年交易额,近12个月成交/营业额,近12个月成交 / 营业额,"{""近12个月成交"": 100, ""营业额"": 25}",启发生成（需人工审核）
0511_5115_04,林业产品仓储物流设施合规,仓储/运输设施符合规范且有许可,仓储 / 运输设施符合规范且有许可,"{""仓储"": 100, ""运输设施符合规范且有许可"": 25}",启发生成（需人工审核）
0511_5116_01,牲畜年交易额,近12个月成交/营业额,近12个月成交 / 营业额,"{""近12个月成交"": 100, ""营业额"": 25}",启发生成（需人工审核）
0511_5116_04,牲畜仓储物流设施合规,仓储/运输设施符合规范且有许可,仓储 / 运输设施符合规范且有许可,"{""仓储"": 100, ""运输设施符合规范且有许可"": 25}",启发生成（需人工审核）
0511_5117_01,渔业产品年交易额,近12个月成交/营业额,近12个月成交 / 营业额,"{""近12个月成交"": 100, ""营业额"": 25}",启发生成（需人工审核）
0511_5117_04,渔业产品仓储物流设施合规,仓储/运输设施符合规范且有许可,仓储 / 运输设施符合规范且有许可,"{""仓储"": 100, ""运输设施符合规范且有许可"": 25}",启发生成（需人工审核）
0511_5119_01,其他农牧产品年交易额,近12个月成交/营业额,近12个月成交 / 营业额,"{""近12个月成交"": 100, ""营业额"": 25}",启发生成（需人工审核）
0511_5119_04,其他农牧产品仓储物流设施合规,仓储/运输设施符合规范且有许可,仓储 / 运输设施符合规范且有许可,"{""仓储"": 100, ""运输设施符合规范且有许可"": 25}",启发生成（需人工审核）
0512_5121_01,米、面制品及食用油年交易额,近12个月成交/营业额,近12个月成交 / 营业额,"{""近12个月成交"": 100, ""营业额"": 25}",启发生成（需人工审核）
0512_5121_04,米、面制品及食用油仓储物流设施合规,仓储/运输设施符合规范且有许可,仓储 / 运输设施符合规范且有许可,"{""仓储"": 100, ""运输设施符合规范且有许可"": 25}",启发生成（需人工审核）
0512_5122_01,糕点、糖果及糖年交易额,近12个月成交/营业额,近12个月成交 / 营业额,"{""近12个月成交"": 100, ""营业额"": 25}",启发生成（需人工审核）
0512_5122_04,糕点、糖果及糖仓储物流设施合规,仓储/运输设施符合规范且有许可,仓储 / 运输设施符合规范且有许可,"{""仓储"": 100, ""运输设施符合规范且有许可"": 25}",启发生成（需人工审核）
0512_5123_01,果品、蔬菜年交易额,近12个月成交/营业额,近12个月成交 / 营业额,"{""近12个月成交"": 100, ""营业额"": 25}",启发生成（需人工审核）
0512_5123_04,果品、蔬菜仓储物流设施合规,仓储/运输设施符合规范且有许可,仓储 / 运输设施符合规范且有许可,"{""仓储"": 100, ""运输设施符合规范且有许可"": 25}",启发生成（需人工审核）
0512_5124_01,肉、禽、蛋、奶及水产品年交易额,近12个月成交/营业额,近12个月成交 / 营业额,"{""近12个月成交"": 100, ""营业额"": 25}",启发生成（需人工审核）
0512_5124_04,肉、禽、蛋、奶及水产品仓储物流设施合规,仓储/运输设施符合规范且有许可,仓储 / 运输设施符合规范且有许可,"{""仓储"": 100, ""运输设施符合规范且有许可"": 25}",启发生成（需人工审核）
0512_5127_01,酒、饮料及茶叶年交易额,近12个月成交/营业额,近12个月成交 / 营业额,"{""近12个月成交"": 100, ""营业额"": 25}",启发生成（需人工审核）
0512_5127_04,酒、饮料及茶叶仓储物流设施合规,仓储/运输设施符合规范且有许可,仓储 / 运输设施符合规范且有许可,"{""仓储"": 100, ""运输设施符合规范且有许可"": 25}",启发生成（需人工审核）
0512_5128_01,烟草制品年交易额,近12个月成交/营业额,近12个月成交 / 营业额,"{""近12个月成交"": 100, ""营业额"": 25}",启发生成（需人工审核）
0512_5128_04,烟草制品仓储物流设施合规,仓储/运输设施符合规范且有许可,仓储 / 运输设施符合规范且有许可,"{""仓储"": 100, ""运输设施符合规范且有许可"": 25}",启发生成（需人工审核）
0513_5152_01,中药年交易额,近12个月成交/营业额,近12个月成交 / 营业额,"{""近12个月成交"": 100, ""营业额"": 25}",启发生成（需人工审核）
0513_5152_04,中药仓储物流设施合规,仓储/运输设施符合规范且有许可,仓储 / 运输设施符合规范且有许可,"{""仓储"": 100, ""运输设施符合规范且有许可"": 25}",启发生成（需人工审核）
0513_5153_01,动物用药品年交易额,近12个月成交/营业额,近12个月成交 / 营业额,"{""近12个月成交"": 100, ""营业额"": 25}",启发生成（需人工审核）
0513_5153_04,动物用药品仓储物流设施合规,仓储/运输设施符合规范且有许可,仓储 / 运输设施符合规范且有许可,"{""仓储"": 100, ""运输设施符合规范且有许可"": 25}",启发生成（需人工审核）
0514_03,季节性库存峰值/谷值比,库存峰值/谷值（农资强季节性）,库存峰值 / 谷值,"{""库存峰值"": 100, ""谷值"": 25}",启发生成（需人工审核）
0514_5112_01,种子年交易额,近12个月成交/营业额,近12个月成交 / 营业额,"{""近12个月成交"": 100, ""营业额"": 25}",启发生成（需人工审核）
0514_5112_04,种子仓储物流设施合规,仓储/运输设施符合规范且有许可,仓储 / 运输设施符合规范且有许可,"{""仓储"": 100, ""运输设施符合规范且有许可"": 25}",启发生成（需人工审核）
0514_5166_01,化肥年交易额,近12个月成交/营业额,近12个月成交 / 营业额,"{""近12个月成交"": 100, ""营业额"": 25}",启发生成（需人工审核）
0514_5166_04,化肥仓储物流设施合规,仓储/运输设施符合规范且有许可,仓储 / 运输设施符合规范且有许可,"{""仓储"": 100, ""运输设施符合规范且有许可"": 25}",启发生成（需人工审核）
0514_5167_01,农药年交易额,近12个月成交/营业额,近12个月成交 / 营业额,"{""近12个月成交"": 100, ""营业额"": 25}",启发生成（需人工审核）
0514_5167_04,农药仓储物流设施合规,仓储/运输设施符合规范且有许可,仓储 / 运输设施符合规范且有许可,"{""仓储"": 100, ""运输设施符合规范且有许可"": 25}",启发生成（需人工审核）
0514_5168_01,农用薄膜年交易额,近12个月成交/营业额,近12个月成交 / 营业额,"{""近12个月成交"": 100, ""营业额"": 25}",启发生成（需人工审核）
0514_5168_04,农用薄膜仓储物流设施合规,仓储/运输设施符合规范且有许可,仓储 / 运输设施符合规范且有许可,"{""仓储"": 100, ""运输设施符合规范且有许可"": 25}",启发生成（需人工审核）
0514_5171_01,农业机械年交易额,近12个月成交/营业额,近12个月成交 / 营业额,"{""近12个月成交"": 100, ""营业额"": 25}",启发生成（需人工审核）
0514_5171_04,农业机械仓储物流设施合规,仓储/运输设施符合规范且有许可,仓储 / 运输设施符合规范且有许可,"{""仓储"": 100, ""运输设施符合规范且有许可"": 25}",启发生成（需人工审核）
0515_5192_01,宠物食品用品年交易额,近12个月成交/营业额,近12个月成交 / 营业额,"{""近12个月成交"": 100, ""营业额"": 25}",启发生成（需人工审核）
0515_5192_04,宠物食品用品仓储物流设施合规,仓储/运输设施符合规范且有许可,仓储 / 运输设施符合规范且有许可,"{""仓储"": 100, ""运输设施符合规范且有许可"": 25}",启发生成（需人工审核）
0516_01,平台合规性（ICP证等）,是否持ICP备案/许可证等,是否持ICP备案 / 许可证等,"{""是否持ICP备案"": 100, ""许可证等"": 25}",启发生成（需人工审核）
0516_5193_01,互联网年交易额,近12个月成交/营业额,近12个月成交 / 营业额,"{""近12个月成交"": 100, ""营业额"": 25}",启发生成（需人工审核）
0516_5193_04,互联网仓储物流设施合规,仓储/运输设施符合规范且有许可,仓储 / 运输设施符合规范且有许可,"{""仓储"": 100, ""运输设施符合规范且有许可"": 25}",启发生成（需人工审核）
0517_5181_01,贸易代理年交易额,近12个月成交/营业额,近12个月成交 / 营业额,"{""近12个月成交"": 100, ""营业额"": 25}",启发生成（需人工审核）
0517_5181_04,贸易代理仓储物流设施合规,仓储/运输设施符合规范且有许可,仓储 / 运输设施符合规范且有许可,"{""仓储"": 100, ""运输设施符合规范且有许可"": 25}",启发生成（需人工审核）
0518_02,拍卖成交率,成交标的/上拍标的,成交标的 / 上拍标的,"{""成交标的"": 100, ""上拍标的"": 25}",启发生成（需人工审核）
0518_5182_01,一般物品拍卖年交易额,近12个月成交/营业额,近12个月成交 / 营业额,"{""近12个月成交"": 100, ""营业额"": 25}",启发生成（需人工审核）
0518_5182_04,一般物品拍卖仓储物流设施合规,仓储/运输设施符合规范且有许可,仓储 / 运输设施符合规范且有许可,"{""仓储"": 100, ""运输设施符合规范且有许可"": 25}",启发生成（需人工审核）
0521_5221_01,粮油年交易额,近12个月成交/营业额,近12个月成交 / 营业额,"{""近12个月成交"": 100, ""营业额"": 25}",启发生成（需人工审核）
0521_5221_04,粮油仓储物流设施合规,仓储/运输设施符合规范且有许可,仓储 / 运输设施符合规范且有许可,"{""仓储"": 100, ""运输设施符合规范且有许可"": 25}",启发生成（需人工审核）
0521_5223_01,果品、蔬菜年交易额,近12个月成交/营业额,近12个月成交 / 营业额,"{""近12个月成交"": 100, ""营业额"": 25}",启发生成（需人工审核）
0521_5223_04,果品、蔬菜仓储物流设施合规,仓储/运输设施符合规范且有许可,仓储 / 运输设施符合规范且有许可,"{""仓储"": 100, ""运输设施符合规范且有许可"": 25}",启发生成（需人工审核）
0521_5224_01,肉、禽、蛋、奶及水产品年交易额,近12个月成交/营业额,近12个月成交 / 营业额,"{""近12个月成交"": 100, ""营业额"": 25}",启发生成（需人工审核）
0521_5224_04,肉、禽、蛋、奶及水产品仓储物流设施合规,仓储/运输设施符合规范且有许可,仓储 / 运输设施符合规范且有许可,"{""仓储"": 100, ""运输设施符合规范且有许可"": 25}",启发生成（需人工审核）
0521_5226_01,酒、饮料及茶叶年交易额,近12个月成交/营业额,近12个月成交 / 营业额,"{""近12个月成交"": 100, ""营业额"": 25}",启发生成（需人工审核）
0521_5226_04,酒、饮料及茶叶仓储物流设施合规,仓储/运输设施符合规范且有许可,仓储 / 运输设施符合规范且有许可,"{""仓储"": 100, ""运输设施符合规范且有许可"": 25}",启发生成（需人工审核）
0522_5227_01,烟草制品年交易额,近12个月成交/营业额,近12个月成交 / 营业额,"{""近12个月成交"": 100, ""营业额"": 25}",启发生成（需人工审核）
0522_5227_04,烟草制品仓储物流设施合规,仓储/运输设施符合规范且有许可,仓储 / 运输设施符合规范且有许可,"{""仓储"": 100, ""运输设施符合规范且有许可"": 25}",启发生成（需人工审核）
0523_5252_01,中药年交易额,近12个月成交/营业额,近12个月成交 / 营业额,"{""近12个月成交"": 100, ""营业额"": 25}",启发生成（需人工审核）
0523_5252_04,中药仓储物流设施合规,仓储/运输设施符合规范且有许可,仓储 / 运输设施符合规范且有许可,"{""仓储"": 100, ""运输设施符合规范且有许可"": 25}",启发生成（需人工审核）
0524_5253_01,动物用药品年交易额,近12个月成交/营业额,近12个月成交 / 营业额,"{""近12个月成交"": 100, ""营业额"": 25}",启发生成（需人工审核）
0524_5253_04,动物用药品仓储物流设施合规,仓储/运输设施符合规范且有许可,仓储 / 运输设施符合规范且有许可,"{""仓储"": 100, ""运输设施符合规范且有许可"": 25}",启发生成（需人工审核）
0525_5291_01,流动货摊年交易额,近12个月成交/营业额,近12个月成交 / 营业额,"{""近12个月成交"": 100, ""营业额"": 25}",启发生成（需人工审核）
0525_5291_04,流动货摊仓储物流设施合规,仓储/运输设施符合规范且有许可,仓储 / 运输设施符合规范且有许可,"{""仓储"": 100, ""运输设施符合规范且有许可"": 25}",启发生成（需人工审核）
0526_5297_01,宠物食品用品年交易额,近12个月成交/营业额,近12个月成交 / 营业额,"{""近12个月成交"": 100, ""营业额"": 25}",启发生成（需人工审核）
0526_5297_04,宠物食品用品仓储物流设施合规,仓储/运输设施符合规范且有许可,仓储 / 运输设施符合规范且有许可,"{""仓储"": 100, ""运输设施符合规范且有许可"": 25}",启发生成（需人工审核）
0527_5292_01,互联网年交易额,近12个月成交/营业额,近12个月成交 / 营业额,"{""近12个月成交"": 100, ""营业额"": 25}",启发生成（需人工审核）
0527_5292_04,互联网仓储物流设施合规,仓储/运输设施符合规范且有许可,仓储 / 运输设施符合规范且有许可,"{""仓储"": 100, ""运输设施符合规范且有许可"": 25}",启发生成（需人工审核）
0531_01,运力利用率,年运量/核定运力,年运量 / 核定运力,"{""年运量"": 100, ""核定运力"": 25}",启发生成（需人工审核）
0531_5320_01,铁路货物年交易额,近12个月成交/营业额,近12个月成交 / 营业额,"{""近12个月成交"": 100, ""营业额"": 25}",启发生成（需人工审核）
0531_5320_04,铁路货物仓储物流设施合规,仓储/运输设施符合规范且有许可,仓储 / 运输设施符合规范且有许可,"{""仓储"": 100, ""运输设施符合规范且有许可"": 25}",启发生成（需人工审核）
0532_03,车辆利用率,在运车辆/保有车辆,在运车辆 / 保有车辆,"{""在运车辆"": 100, ""保有车辆"": 25}",启发生成（需人工审核）
0532_5431_01,普通货物道路年交易额,近12个月成交/营业额,近12个月成交 / 营业额,"{""近12个月成交"": 100, ""营业额"": 25}",启发生成（需人工审核）
0532_5431_04,普通货物道路仓储物流设施合规,仓储/运输设施符合规范且有许可,仓储 / 运输设施符合规范且有许可,"{""仓储"": 100, ""运输设施符合规范且有许可"": 25}",启发生成（需人工审核）
0532_5432_01,冷藏车道路年交易额,近12个月成交/营业额,近12个月成交 / 营业额,"{""近12个月成交"": 100, ""营业额"": 25}",启发生成（需人工审核）
0532_5432_04,冷藏车道路仓储物流设施合规,仓储/运输设施符合规范且有许可,仓储 / 运输设施符合规范且有许可,"{""仓储"": 100, ""运输设施符合规范且有许可"": 25}",启发生成（需人工审核）
0532_5436_01,邮件包裹道路年交易额,近12个月成交/营业额,近12个月成交 / 营业额,"{""近12个月成交"": 100, ""营业额"": 25}",启发生成（需人工审核）
0532_5436_04,邮件包裹道路仓储物流设施合规,仓储/运输设施符合规范且有许可,仓储 / 运输设施符合规范且有许可,"{""仓储"": 100, ""运输设施符合规范且有许可"": 25}",启发生成（需人工审核）
0532_5439_01,其他道路货物年交易额,近12个月成交/营业额,近12个月成交 / 营业额,"{""近12个月成交"": 100, ""营业额"": 25}",启发生成（需人工审核）
0532_5439_04,其他道路货物仓储物流设施合规,仓储/运输设施符合规范且有许可,仓储 / 运输设施符合规范且有许可,"{""仓储"": 100, ""运输设施符合规范且有许可"": 25}",启发生成（需人工审核）
0533_02,船舶利用率,在运船舶/保有船舶,在运船舶 / 保有船舶,"{""在运船舶"": 100, ""保有船舶"": 25}",启发生成（需人工审核）
0533_5521_01,远洋货物年交易额,近12个月成交/营业额,近12个月成交 / 营业额,"{""近12个月成交"": 100, ""营业额"": 25}",启发生成（需人工审核）
0533_5521_04,远洋货物仓储物流设施合规,仓储/运输设施符合规范且有许可,仓储 / 运输设施符合规范且有许可,"{""仓储"": 100, ""运输设施符合规范且有许可"": 25}",启发生成（需人工审核）
0533_5522_01,沿海货物年交易额,近12个月成交/营业额,近12个月成交 / 营业额,"{""近12个月成交"": 100, ""营业额"": 25}",启发生成（需人工审核）
0533_5522_04,沿海货物仓储物流设施合规,仓储/运输设施符合规范且有许可,仓储 / 运输设施符合规范且有许可,"{""仓储"": 100, ""运输设施符合规范且有许可"": 25}",启发生成（需人工审核）
0533_5523_01,内河货物年交易额,近12个月成交/营业额,近12个月成交 / 营业额,"{""近12个月成交"": 100, ""营业额"": 25}",启发生成（需人工审核）
0533_5523_04,内河货物仓储物流设施合规,仓储/运输设施符合规范且有许可,仓储 / 运输设施符合规范且有许可,"{""仓储"": 100, ""运输设施符合规范且有许可"": 25}",启发生成（需人工审核）
0534_02,货机载运率,实际载货/核定载货,实际载货 / 核定载货,"{""实际载货"": 100, ""核定载货"": 25}",启发生成（需人工审核）
0534_5612_01,航空货物年交易额,近12个月成交/营业额,近12个月成交 / 营业额,"{""近12个月成交"": 100, ""营业额"": 25}",启发生成（需人工审核）
0534_5612_04,航空货物仓储物流设施合规,仓储/运输设施符合规范且有许可,仓储 / 运输设施符合规范且有许可,"{""仓储"": 100, ""运输设施符合规范且有许可"": 25}",启发生成（需人工审核）
0541_02,库存损耗率,年损耗/入库量,年损耗 / 入库量,"{""年损耗"": 100, ""入库量"": 25}",启发生成（需人工审核）
0541_5930_01,低温年交易额,近12个月成交/营业额,近12个月成交 / 营业额,"{""近12个月成交"": 100, ""营业额"": 25}",启发生成（需人工审核）
0541_5930_04,低温仓储物流设施合规,仓储/运输设施符合规范且有许可,仓储 / 运输设施符合规范且有许可,"{""仓储"": 100, ""运输设施符合规范且有许可"": 25}",启发生成（需人工审核）
0541_5942_01,危险化学品年交易额,近12个月成交/营业额,近12个月成交 / 营业额,"{""近12个月成交"": 100, ""营业额"": 25}",启发生成（需人工审核）
0541_5942_04,危险化学品仓储物流设施合规,仓储/运输设施符合规范且有许可,仓储 / 运输设施符合规范且有许可,"{""仓储"": 100, ""运输设施符合规范且有许可"": 25}",启发生成（需人工审核）
0541_5951_01,谷物年交易额,近12个月成交/营业额,近12个月成交 / 营业额,"{""近12个月成交"": 100, ""营业额"": 25}",启发生成（需人工审核）
0541_5951_04,谷物仓储物流设施合规,仓储/运输设施符合规范且有许可,仓储 / 运输设施符合规范且有许可,"{""仓储"": 100, ""运输设施符合规范且有许可"": 25}",启发生成（需人工审核）
0541_5952_01,棉花年交易额,近12个月成交/营业额,近12个月成交 / 营业额,"{""近12个月成交"": 100, ""营业额"": 25}",启发生成（需人工审核）
0541_5952_04,棉花仓储物流设施合规,仓储/运输设施符合规范且有许可,仓储 / 运输设施符合规范且有许可,"{""仓储"": 100, ""运输设施符合规范且有许可"": 25}",启发生成（需人工审核）
0541_5959_01,其他农产品年交易额,近12个月成交/营业额,近12个月成交 / 营业额,"{""近12个月成交"": 100, ""营业额"": 25}",启发生成（需人工审核）
0541_5959_04,其他农产品仓储物流设施合规,仓储/运输设施符合规范且有许可,仓储 / 运输设施符合规范且有许可,"{""仓储"": 100, ""运输设施符合规范且有许可"": 25}",启发生成（需人工审核）
0542_5960_01,中药材年交易额,近12个月成交/营业额,近12个月成交 / 营业额,"{""近12个月成交"": 100, ""营业额"": 25}",启发生成（需人工审核）
0542_5960_04,中药材仓储物流设施合规,仓储/运输设施符合规范且有许可,仓储 / 运输设施符合规范且有许可,"{""仓储"": 100, ""运输设施符合规范且有许可"": 25}",启发生成（需人工审核）
0543_6010_01,邮政基本年交易额,近12个月成交/营业额,近12个月成交 / 营业额,"{""近12个月成交"": 100, ""营业额"": 25}",启发生成（需人工审核）
0543_6010_04,邮政基本仓储物流设施合规,仓储/运输设施符合规范且有许可,仓储 / 运输设施符合规范且有许可,"{""仓储"": 100, ""运输设施符合规范且有许可"": 25}",启发生成（需人工审核）
0543_6020_01,快递年交易额,近12个月成交/营业额,近12个月成交 / 营业额,"{""近12个月成交"": 100, ""营业额"": 25}",启发生成（需人工审核）
0543_6020_04,快递仓储物流设施合规,仓储/运输设施符合规范且有许可,仓储 / 运输设施符合规范且有许可,"{""仓储"": 100, ""运输设施符合规范且有许可"": 25}",启发生成（需人工审核）
0543_6090_01,其他寄递年交易额,近12个月成交/营业额,近12个月成交 / 营业额,"{""近12个月成交"": 100, ""营业额"": 25}",启发生成（需人工审核）
0543_6090_04,其他寄递仓储物流设施合规,仓储/运输设施符合规范且有许可,仓储 / 运输设施符合规范且有许可,"{""仓储"": 100, ""运输设施符合规范且有许可"": 25}",启发生成（需人工审核）
061_03,科研经费到位率,实到经费/合同经费,实到经费 / 合同经费,"{""实到经费"": 100, ""合同经费"": 25}",启发生成（需人工审核）
0610_01,在研科研项目数,生物工程/环保技术研究项目数,生物工程 / 环保技术研究项目数,"{""生物工程"": 100, ""环保技术研究项目数"": 25}",启发生成（需人工审核）
0610_7320_01,工程和技术研究和试验发展年服务收入,近12个月科研/服务收入,近12个月科研 / 服务收入,"{""近12个月科研"": 100, ""服务收入"": 25}",启发生成（需人工审核）
0610_7320_04,工程和技术研究和试验发展资质认证合规,资质/许可/认证齐备,资质 / 许可 / 认证齐备,"{""资质"": 100, ""许可"": 62, ""认证齐备"": 25}",启发生成（需人工审核）
062_01,寒地试验基地面积,自有/合作试验基地,自有 / 合作试验基地,"{""自有"": 100, ""合作试验基地"": 25}",启发生成（需人工审核）
062_03,试验基地面积,自有/合作试验基地,自有 / 合作试验基地,"{""自有"": 100, ""合作试验基地"": 25}",启发生成（需人工审核）
0620_7330_01,农业科学研究和试验发展年服务收入,近12个月科研/服务收入,近12个月科研 / 服务收入,"{""近12个月科研"": 100, ""服务收入"": 25}",启发生成（需人工审核）
0620_7330_04,农业科学研究和试验发展资质认证合规,资质/许可/认证齐备,资质 / 许可 / 认证齐备,"{""资质"": 100, ""许可"": 62, ""认证齐备"": 25}",启发生成（需人工审核）
0631_7410_01,气象年服务收入,近12个月科研/服务收入,近12个月科研 / 服务收入,"{""近12个月科研"": 100, ""服务收入"": 25}",启发生成（需人工审核）
0631_7410_04,气象资质认证合规,资质/许可/认证齐备,资质 / 许可 / 认证齐备,"{""资质"": 100, ""许可"": 62, ""认证齐备"": 25}",启发生成（需人工审核）
0632_7493_01,兽医年服务收入,近12个月科研/服务收入,近12个月科研 / 服务收入,"{""近12个月科研"": 100, ""服务收入"": 25}",启发生成（需人工审核）
0632_7493_04,兽医资质认证合规,资质/许可/认证齐备,资质 / 许可 / 认证齐备,"{""资质"": 100, ""许可"": 62, ""认证齐备"": 25}",启发生成（需人工审核）
0633_7451_01,检验检疫年服务收入,近12个月科研/服务收入,近12个月科研 / 服务收入,"{""近12个月科研"": 100, ""服务收入"": 25}",启发生成（需人工审核）
0633_7451_04,检验检疫资质认证合规,资质/许可/认证齐备,资质 / 许可 / 认证齐备,"{""资质"": 100, ""许可"": 62, ""认证齐备"": 25}",启发生成（需人工审核）
0633_7452_01,检测年服务收入,近12个月科研/服务收入,近12个月科研 / 服务收入,"{""近12个月科研"": 100, ""服务收入"": 25}",启发生成（需人工审核）
0633_7452_04,检测资质认证合规,资质/许可/认证齐备,资质 / 许可 / 认证齐备,"{""资质"": 100, ""许可"": 62, ""认证齐备"": 25}",启发生成（需人工审核）
0633_7453_01,计量年服务收入,近12个月科研/服务收入,近12个月科研 / 服务收入,"{""近12个月科研"": 100, ""服务收入"": 25}",启发生成（需人工审核）
0633_7453_04,计量资质认证合规,资质/许可/认证齐备,资质 / 许可 / 认证齐备,"{""资质"": 100, ""许可"": 62, ""认证齐备"": 25}",启发生成（需人工审核）
0633_7454_01,标准化年服务收入,近12个月科研/服务收入,近12个月科研 / 服务收入,"{""近12个月科研"": 100, ""服务收入"": 25}",启发生成（需人工审核）
0633_7454_04,标准化资质认证合规,资质/许可/认证齐备,资质 / 许可 / 认证齐备,"{""资质"": 100, ""许可"": 62, ""认证齐备"": 25}",启发生成（需人工审核）
0633_7455_01,认证认可年服务收入,近12个月科研/服务收入,近12个月科研 / 服务收入,"{""近12个月科研"": 100, ""服务收入"": 25}",启发生成（需人工审核）
0633_7455_04,认证认可资质认证合规,资质/许可/认证齐备,资质 / 许可 / 认证齐备,"{""资质"": 100, ""许可"": 62, ""认证齐备"": 25}",启发生成（需人工审核）
0633_7459_01,其他质检技术年服务收入,近12个月科研/服务收入,近12个月科研 / 服务收入,"{""近12个月科研"": 100, ""服务收入"": 25}",启发生成（需人工审核）
0633_7459_04,其他质检技术资质认证合规,资质/许可/认证齐备,资质 / 许可 / 认证齐备,"{""资质"": 100, ""许可"": 62, ""认证齐备"": 25}",启发生成（需人工审核）
0634_7462_01,生态资源监测年服务收入,近12个月科研/服务收入,近12个月科研 / 服务收入,"{""近12个月科研"": 100, ""服务收入"": 25}",启发生成（需人工审核）
0634_7462_04,生态资源监测资质认证合规,资质/许可/认证齐备,资质 / 许可 / 认证齐备,"{""资质"": 100, ""许可"": 62, ""认证齐备"": 25}",启发生成（需人工审核）
0635_7485_01,规划设计年服务收入,近12个月科研/服务收入,近12个月科研 / 服务收入,"{""近12个月科研"": 100, ""服务收入"": 25}",启发生成（需人工审核）
0635_7485_04,规划设计资质认证合规,资质/许可/认证齐备,资质 / 许可 / 认证齐备,"{""资质"": 100, ""许可"": 62, ""认证齐备"": 25}",启发生成（需人工审核）
0636_7499_01,其他未列明专业技术服务业年服务收入,近12个月科研/服务收入,近12个月科研 / 服务收入,"{""近12个月科研"": 100, ""服务收入"": 25}",启发生成（需人工审核）
0636_7499_04,其他未列明专业技术服务业资质认证合规,资质/许可/认证齐备,资质 / 许可 / 认证齐备,"{""资质"": 100, ""许可"": 62, ""认证齐备"": 25}",启发生成（需人工审核）
0640_7511_01,农林牧渔技术推广年服务收入,近12个月科研/服务收入,近12个月科研 / 服务收入,"{""近12个月科研"": 100, ""服务收入"": 25}",启发生成（需人工审核）
0640_7511_04,农林牧渔技术推广资质认证合规,资质/许可/认证齐备,资质 / 许可 / 认证齐备,"{""资质"": 100, ""许可"": 62, ""认证齐备"": 25}",启发生成（需人工审核）
0650_7512_01,生物技术推广年服务收入,近12个月科研/服务收入,近12个月科研 / 服务收入,"{""近12个月科研"": 100, ""服务收入"": 25}",启发生成（需人工审核）
0650_7512_04,生物技术推广资质认证合规,资质/许可/认证齐备,资质 / 许可 / 认证齐备,"{""资质"": 100, ""许可"": 62, ""认证齐备"": 25}",启发生成（需人工审核）
071_01,办学资质与备案,是否经教育/人社部门批准,是否经教育 / 人社部门批准,"{""是否经教育"": 100, ""人社部门批准"": 25}",启发生成（需人工审核）
0711_8336_01,中等职业学校年服务收入,近12个月科研/服务收入,近12个月科研 / 服务收入,"{""近12个月科研"": 100, ""服务收入"": 25}",启发生成（需人工审核）
0711_8336_04,中等职业学校资质认证合规,资质/许可/认证齐备,资质 / 许可 / 认证齐备,"{""资质"": 100, ""许可"": 62, ""认证齐备"": 25}",启发生成（需人工审核）
0712_8341_01,普通高等年服务收入,近12个月科研/服务收入,近12个月科研 / 服务收入,"{""近12个月科研"": 100, ""服务收入"": 25}",启发生成（需人工审核）
0712_8341_04,普通高等资质认证合规,资质/许可/认证齐备,资质 / 许可 / 认证齐备,"{""资质"": 100, ""许可"": 62, ""认证齐备"": 25}",启发生成（需人工审核）
0712_8342_01,成人高等年服务收入,近12个月科研/服务收入,近12个月科研 / 服务收入,"{""近12个月科研"": 100, ""服务收入"": 25}",启发生成（需人工审核）
0712_8342_04,成人高等资质认证合规,资质/许可/认证齐备,资质 / 许可 / 认证齐备,"{""资质"": 100, ""许可"": 62, ""认证齐备"": 25}",启发生成（需人工审核）
0720_8391_01,职业技能年服务收入,近12个月科研/服务收入,近12个月科研 / 服务收入,"{""近12个月科研"": 100, ""服务收入"": 25}",启发生成（需人工审核）
0720_8391_04,职业技能资质认证合规,资质/许可/认证齐备,资质 / 许可 / 认证齐备,"{""资质"": 100, ""许可"": 62, ""认证齐备"": 25}",启发生成（需人工审核）
0731_8610_01,新闻业年服务收入,近12个月科研/服务收入,近12个月科研 / 服务收入,"{""近12个月科研"": 100, ""服务收入"": 25}",启发生成（需人工审核）
0731_8610_04,新闻业资质认证合规,资质/许可/认证齐备,资质 / 许可 / 认证齐备,"{""资质"": 100, ""许可"": 62, ""认证齐备"": 25}",启发生成（需人工审核）
0731_8710_01,广播年服务收入,近12个月科研/服务收入,近12个月科研 / 服务收入,"{""近12个月科研"": 100, ""服务收入"": 25}",启发生成（需人工审核）
0731_8710_04,广播资质认证合规,资质/许可/认证齐备,资质 / 许可 / 认证齐备,"{""资质"": 100, ""许可"": 62, ""认证齐备"": 25}",启发生成（需人工审核）
0731_8720_01,电视年服务收入,近12个月科研/服务收入,近12个月科研 / 服务收入,"{""近12个月科研"": 100, ""服务收入"": 25}",启发生成（需人工审核）
0731_8720_04,电视资质认证合规,资质/许可/认证齐备,资质 / 许可 / 认证齐备,"{""资质"": 100, ""许可"": 62, ""认证齐备"": 25}",启发生成（需人工审核）
0731_8740_01,广播电视集成播控年服务收入,近12个月科研/服务收入,近12个月科研 / 服务收入,"{""近12个月科研"": 100, ""服务收入"": 25}",启发生成（需人工审核）
0731_8740_04,广播电视集成播控资质认证合规,资质/许可/认证齐备,资质 / 许可 / 认证齐备,"{""资质"": 100, ""许可"": 62, ""认证齐备"": 25}",启发生成（需人工审核）
0732_6410_01,互联网接入及相关年服务收入,近12个月科研/服务收入,近12个月科研 / 服务收入,"{""近12个月科研"": 100, ""服务收入"": 25}",启发生成（需人工审核）
0732_6410_04,互联网接入及相关资质认证合规,资质/许可/认证齐备,资质 / 许可 / 认证齐备,"{""资质"": 100, ""许可"": 62, ""认证齐备"": 25}",启发生成（需人工审核）
0732_642_01,互联网信息年服务收入,近12个月科研/服务收入,近12个月科研 / 服务收入,"{""近12个月科研"": 100, ""服务收入"": 25}",启发生成（需人工审核）
0732_642_04,互联网信息资质认证合规,资质/许可/认证齐备,资质 / 许可 / 认证齐备,"{""资质"": 100, ""许可"": 62, ""认证齐备"": 25}",启发生成（需人工审核）
0733_8621_01,图书出版年服务收入,近12个月科研/服务收入,近12个月科研 / 服务收入,"{""近12个月科研"": 100, ""服务收入"": 25}",启发生成（需人工审核）
0733_8621_04,图书出版资质认证合规,资质/许可/认证齐备,资质 / 许可 / 认证齐备,"{""资质"": 100, ""许可"": 62, ""认证齐备"": 25}",启发生成（需人工审核）
0733_8622_01,报纸出版年服务收入,近12个月科研/服务收入,近12个月科研 / 服务收入,"{""近12个月科研"": 100, ""服务收入"": 25}",启发生成（需人工审核）
0733_8622_04,报纸出版资质认证合规,资质/许可/认证齐备,资质 / 许可 / 认证齐备,"{""资质"": 100, ""许可"": 62, ""认证齐备"": 25}",启发生成（需人工审核）
0733_8623_01,期刊出版年服务收入,近12个月科研/服务收入,近12个月科研 / 服务收入,"{""近12个月科研"": 100, ""服务收入"": 25}",启发生成（需人工审核）
0733_8623_04,期刊出版资质认证合规,资质/许可/认证齐备,资质 / 许可 / 认证齐备,"{""资质"": 100, ""许可"": 62, ""认证齐备"": 25}",启发生成（需人工审核）
0733_8624_01,音像制品出版年服务收入,近12个月科研/服务收入,近12个月科研 / 服务收入,"{""近12个月科研"": 100, ""服务收入"": 25}",启发生成（需人工审核）
0733_8624_04,音像制品出版资质认证合规,资质/许可/认证齐备,资质 / 许可 / 认证齐备,"{""资质"": 100, ""许可"": 62, ""认证齐备"": 25}",启发生成（需人工审核）
0733_8625_01,电子出版物出版年服务收入,近12个月科研/服务收入,近12个月科研 / 服务收入,"{""近12个月科研"": 100, ""服务收入"": 25}",启发生成（需人工审核）
0733_8625_04,电子出版物出版资质认证合规,资质/许可/认证齐备,资质 / 许可 / 认证齐备,"{""资质"": 100, ""许可"": 62, ""认证齐备"": 25}",启发生成（需人工审核）
0733_8626_01,数字出版年服务收入,近12个月科研/服务收入,近12个月科研 / 服务收入,"{""近12个月科研"": 100, ""服务收入"": 25}",启发生成（需人工审核）
0733_8626_04,数字出版资质认证合规,资质/许可/认证齐备,资质 / 许可 / 认证齐备,"{""资质"": 100, ""许可"": 62, ""认证齐备"": 25}",启发生成（需人工审核）
0733_8629_01,其他出版业年服务收入,近12个月科研/服务收入,近12个月科研 / 服务收入,"{""近12个月科研"": 100, ""服务收入"": 25}",启发生成（需人工审核）
0733_8629_04,其他出版业资质认证合规,资质/许可/认证齐备,资质 / 许可 / 认证齐备,"{""资质"": 100, ""许可"": 62, ""认证齐备"": 25}",启发生成（需人工审核）
0734_7284_01,文化会展年服务收入,近12个月科研/服务收入,近12个月科研 / 服务收入,"{""近12个月科研"": 100, ""服务收入"": 25}",启发生成（需人工审核）
0734_7284_04,文化会展资质认证合规,资质/许可/认证齐备,资质 / 许可 / 认证齐备,"{""资质"": 100, ""许可"": 62, ""认证齐备"": 25}",启发生成（需人工审核）
0734_7289_01,其他会议、展览及相关年服务收入,近12个月科研/服务收入,近12个月科研 / 服务收入,"{""近12个月科研"": 100, ""服务收入"": 25}",启发生成（需人工审核）
0734_7289_04,其他会议、展览及相关资质认证合规,资质/许可/认证齐备,资质 / 许可 / 认证齐备,"{""资质"": 100, ""许可"": 62, ""认证齐备"": 25}",启发生成（需人工审核）
0735_02,年制作内容量,涉农影视/节目年制作量,涉农影视 / 节目年制作量,"{""涉农影视"": 100, ""节目年制作量"": 25}",启发生成（需人工审核）
0735_6572_01,动漫、游戏数字内容年服务收入,近12个月科研/服务收入,近12个月科研 / 服务收入,"{""近12个月科研"": 100, ""服务收入"": 25}",启发生成（需人工审核）
0735_6572_04,动漫、游戏数字内容资质认证合规,资质/许可/认证齐备,资质 / 许可 / 认证齐备,"{""资质"": 100, ""许可"": 62, ""认证齐备"": 25}",启发生成（需人工审核）
0735_7492_01,专业设计年服务收入,近12个月科研/服务收入,近12个月科研 / 服务收入,"{""近12个月科研"": 100, ""服务收入"": 25}",启发生成（需人工审核）
0735_7492_04,专业设计资质认证合规,资质/许可/认证齐备,资质 / 许可 / 认证齐备,"{""资质"": 100, ""许可"": 62, ""认证齐备"": 25}",启发生成（需人工审核）
0735_8730_01,影视节目年服务收入,近12个月科研/服务收入,近12个月科研 / 服务收入,"{""近12个月科研"": 100, ""服务收入"": 25}",启发生成（需人工审核）
0735_8730_04,影视节目资质认证合规,资质/许可/认证齐备,资质 / 许可 / 认证齐备,"{""资质"": 100, ""许可"": 62, ""认证齐备"": 25}",启发生成（需人工审核）
0735_8810_01,文艺创作与表演年服务收入,近12个月科研/服务收入,近12个月科研 / 服务收入,"{""近12个月科研"": 100, ""服务收入"": 25}",启发生成（需人工审核）
0735_8810_04,文艺创作与表演资质认证合规,资质/许可/认证齐备,资质 / 许可 / 认证齐备,"{""资质"": 100, ""许可"": 62, ""认证齐备"": 25}",启发生成（需人工审核）
0736_8399_01,其他未列明年服务收入,近12个月科研/服务收入,近12个月科研 / 服务收入,"{""近12个月科研"": 100, ""服务收入"": 25}",启发生成（需人工审核）
0736_8399_04,其他未列明资质认证合规,资质/许可/认证齐备,资质 / 许可 / 认证齐备,"{""资质"": 100, ""许可"": 62, ""认证齐备"": 25}",启发生成（需人工审核）
0741_7261_01,公共就业年服务收入,近12个月科研/服务收入,近12个月科研 / 服务收入,"{""近12个月科研"": 100, ""服务收入"": 25}",启发生成（需人工审核）
0741_7261_04,公共就业资质认证合规,资质/许可/认证齐备,资质 / 许可 / 认证齐备,"{""资质"": 100, ""许可"": 62, ""认证齐备"": 25}",启发生成（需人工审核）
0741_7262_01,职业中介年服务收入,近12个月科研/服务收入,近12个月科研 / 服务收入,"{""近12个月科研"": 100, ""服务收入"": 25}",启发生成（需人工审核）
0741_7262_04,职业中介资质认证合规,资质/许可/认证齐备,资质 / 许可 / 认证齐备,"{""资质"": 100, ""许可"": 62, ""认证齐备"": 25}",启发生成（需人工审核）
0741_7263_01,劳务派遣年服务收入,近12个月科研/服务收入,近12个月科研 / 服务收入,"{""近12个月科研"": 100, ""服务收入"": 25}",启发生成（需人工审核）
0741_7263_04,劳务派遣资质认证合规,资质/许可/认证齐备,资质 / 许可 / 认证齐备,"{""资质"": 100, ""许可"": 62, ""认证齐备"": 25}",启发生成（需人工审核）
0742_7264_01,创业指导年服务收入,近12个月科研/服务收入,近12个月科研 / 服务收入,"{""近12个月科研"": 100, ""服务收入"": 25}",启发生成（需人工审核）
0742_7264_04,创业指导资质认证合规,资质/许可/认证齐备,资质 / 许可 / 认证齐备,"{""资质"": 100, ""许可"": 62, ""认证齐备"": 25}",启发生成（需人工审核）
0743_7269_01,其他人力资源年服务收入,近12个月科研/服务收入,近12个月科研 / 服务收入,"{""近12个月科研"": 100, ""服务收入"": 25}",启发生成（需人工审核）
0743_7269_04,其他人力资源资质认证合规,资质/许可/认证齐备,资质 / 许可 / 认证齐备,"{""资质"": 100, ""许可"": 62, ""认证齐备"": 25}",启发生成（需人工审核）
081_02,农林牧渔业生态保护·生态补偿到账率,应补/实补,应补 / 实补,"{""应补"": 100, ""实补"": 25}",启发生成（需人工审核）
0811_02,农林牧渔业自然生态系统保护管理·生态补偿到账率,应补/实补,应补 / 实补,"{""应补"": 100, ""实补"": 25}",启发生成（需人工审核）
0811_7711_01,自然生态系统年处理服务量,近12个月处理/服务量,近12个月处理 / 服务量,"{""近12个月处理"": 100, ""服务量"": 25}",启发生成（需人工审核）
0811_7711_03,自然生态系统服务覆盖区域数,服务乡镇/区域数量,服务乡镇 / 区域数量,"{""服务乡镇"": 100, ""区域数量"": 25}",启发生成（需人工审核）
0811_7711_04,自然生态系统运营资质许可,持有运营/处置许可,持有运营 / 处置许可,"{""持有运营"": 100, ""处置许可"": 25}",启发生成（需人工审核）
0812_7713_01,野生动物年处理服务量,近12个月处理/服务量,近12个月处理 / 服务量,"{""近12个月处理"": 100, ""服务量"": 25}",启发生成（需人工审核）
0812_7713_03,野生动物服务覆盖区域数,服务乡镇/区域数量,服务乡镇 / 区域数量,"{""服务乡镇"": 100, ""区域数量"": 25}",启发生成（需人工审核）
0812_7713_04,野生动物运营资质许可,持有运营/处置许可,持有运营 / 处置许可,"{""持有运营"": 100, ""处置许可"": 25}",启发生成（需人工审核）
0812_7714_01,野生植物年处理服务量,近12个月处理/服务量,近12个月处理 / 服务量,"{""近12个月处理"": 100, ""服务量"": 25}",启发生成（需人工审核）
0812_7714_03,野生植物服务覆盖区域数,服务乡镇/区域数量,服务乡镇 / 区域数量,"{""服务乡镇"": 100, ""区域数量"": 25}",启发生成（需人工审核）
0812_7714_04,野生植物运营资质许可,持有运营/处置许可,持有运营 / 处置许可,"{""持有运营"": 100, ""处置许可"": 25}",启发生成（需人工审核）
0813_7715_01,动物园、水族馆年处理服务量,近12个月处理/服务量,近12个月处理 / 服务量,"{""近12个月处理"": 100, ""服务量"": 25}",启发生成（需人工审核）
0813_7715_03,动物园、水族馆服务覆盖区域数,服务乡镇/区域数量,服务乡镇 / 区域数量,"{""服务乡镇"": 100, ""区域数量"": 25}",启发生成（需人工审核）
0813_7715_04,动物园、水族馆运营资质许可,持有运营/处置许可,持有运营 / 处置许可,"{""持有运营"": 100, ""处置许可"": 25}",启发生成（需人工审核）
0813_7716_01,植物园年处理服务量,近12个月处理/服务量,近12个月处理 / 服务量,"{""近12个月处理"": 100, ""服务量"": 25}",启发生成（需人工审核）
0813_7716_03,植物园服务覆盖区域数,服务乡镇/区域数量,服务乡镇 / 区域数量,"{""服务乡镇"": 100, ""区域数量"": 25}",启发生成（需人工审核）
0813_7716_04,植物园运营资质许可,持有运营/处置许可,持有运营 / 处置许可,"{""持有运营"": 100, ""处置许可"": 25}",启发生成（需人工审核）
0814_01,公园管理面积,风景名胜区/森林公园管理面积,风景名胜区 / 森林公园管理面积,"{""风景名胜区"": 100, ""森林公园管理面积"": 25}",启发生成（需人工审核）
0814_7861_01,名胜风景区年处理服务量,近12个月处理/服务量,近12个月处理 / 服务量,"{""近12个月处理"": 100, ""服务量"": 25}",启发生成（需人工审核）
0814_7861_03,名胜风景区服务覆盖区域数,服务乡镇/区域数量,服务乡镇 / 区域数量,"{""服务乡镇"": 100, ""区域数量"": 25}",启发生成（需人工审核）
0814_7861_04,名胜风景区运营资质许可,持有运营/处置许可,持有运营 / 处置许可,"{""持有运营"": 100, ""处置许可"": 25}",启发生成（需人工审核）
0814_7862_01,森林公园年处理服务量,近12个月处理/服务量,近12个月处理 / 服务量,"{""近12个月处理"": 100, ""服务量"": 25}",启发生成（需人工审核）
0814_7862_03,森林公园服务覆盖区域数,服务乡镇/区域数量,服务乡镇 / 区域数量,"{""服务乡镇"": 100, ""区域数量"": 25}",启发生成（需人工审核）
0814_7862_04,森林公园运营资质许可,持有运营/处置许可,持有运营 / 处置许可,"{""持有运营"": 100, ""处置许可"": 25}",启发生成（需人工审核）
0815_02,管护经费到账率,应拨/实拨,应拨 / 实拨,"{""应拨"": 100, ""实拨"": 25}",启发生成（需人工审核）
0815_7719_01,其他自然年处理服务量,近12个月处理/服务量,近12个月处理 / 服务量,"{""近12个月处理"": 100, ""服务量"": 25}",启发生成（需人工审核）
0815_7719_03,其他自然服务覆盖区域数,服务乡镇/区域数量,服务乡镇 / 区域数量,"{""服务乡镇"": 100, ""区域数量"": 25}",启发生成（需人工审核）
0815_7719_04,其他自然运营资质许可,持有运营/处置许可,持有运营 / 处置许可,"{""持有运营"": 100, ""处置许可"": 25}",启发生成（需人工审核）
082_01,回收网络覆盖,回收网点数/覆盖乡镇数,回收网点数 / 覆盖乡镇数,"{""回收网点数"": 100, ""覆盖乡镇数"": 25}",启发生成（需人工审核）
0820_02,回收利用率,再生利用/回收量,再生利用 / 回收量,"{""再生利用"": 100, ""回收量"": 25}",启发生成（需人工审核）
0820_4220_01,非金属废料和碎屑年处理服务量,近12个月处理/服务量,近12个月处理 / 服务量,"{""近12个月处理"": 100, ""服务量"": 25}",启发生成（需人工审核）
0820_4220_03,非金属废料和碎屑服务覆盖区域数,服务乡镇/区域数量,服务乡镇 / 区域数量,"{""服务乡镇"": 100, ""区域数量"": 25}",启发生成（需人工审核）
0820_4220_04,非金属废料和碎屑运营资质许可,持有运营/处置许可,持有运营 / 处置许可,"{""持有运营"": 100, ""处置许可"": 25}",启发生成（需人工审核）
0830_0532_01,畜禽粪污年处理服务量,近12个月处理/服务量,近12个月处理 / 服务量,"{""近12个月处理"": 100, ""服务量"": 25}",启发生成（需人工审核）
0830_0532_03,畜禽粪污服务覆盖区域数,服务乡镇/区域数量,服务乡镇 / 区域数量,"{""服务乡镇"": 100, ""区域数量"": 25}",启发生成（需人工审核）
0830_0532_04,畜禽粪污运营资质许可,持有运营/处置许可,持有运营 / 处置许可,"{""持有运营"": 100, ""处置许可"": 25}",启发生成（需人工审核）
0840_0539_01,其他畜牧专业及辅助性年处理服务量,近12个月处理/服务量,近12个月处理 / 服务量,"{""近12个月处理"": 100, ""服务量"": 25}",启发生成（需人工审核）
0840_0539_03,其他畜牧专业及辅助性服务覆盖区域数,服务乡镇/区域数量,服务乡镇 / 区域数量,"{""服务乡镇"": 100, ""区域数量"": 25}",启发生成（需人工审核）
0840_0539_04,其他畜牧专业及辅助性运营资质许可,持有运营/处置许可,持有运营 / 处置许可,"{""持有运营"": 100, ""处置许可"": 25}",启发生成（需人工审核）
085_02,监测检测资质（CMA等）,是否持 CMA/认定资质,是否持 CMA / 认定资质,"{""是否持 CMA"": 100, ""认定资质"": 25}",启发生成（需人工审核）
0851_7461_01,环境保护监测年处理服务量,近12个月处理/服务量,近12个月处理 / 服务量,"{""近12个月处理"": 100, ""服务量"": 25}",启发生成（需人工审核）
0851_7461_03,环境保护监测服务覆盖区域数,服务乡镇/区域数量,服务乡镇 / 区域数量,"{""服务乡镇"": 100, ""区域数量"": 25}",启发生成（需人工审核）
0851_7461_04,环境保护监测运营资质许可,持有运营/处置许可,持有运营 / 处置许可,"{""持有运营"": 100, ""处置许可"": 25}",启发生成（需人工审核）
0852_7462_01,生态资源监测年处理服务量,近12个月处理/服务量,近12个月处理 / 服务量,"{""近12个月处理"": 100, ""服务量"": 25}",启发生成（需人工审核）
0852_7462_03,生态资源监测服务覆盖区域数,服务乡镇/区域数量,服务乡镇 / 区域数量,"{""服务乡镇"": 100, ""区域数量"": 25}",启发生成（需人工审核）
0852_7462_04,生态资源监测运营资质许可,持有运营/处置许可,持有运营 / 处置许可,"{""持有运营"": 100, ""处置许可"": 25}",启发生成（需人工审核）
0853_7463_01,野生动物疫源疫病防控监测年处理服务量,近12个月处理/服务量,近12个月处理 / 服务量,"{""近12个月处理"": 100, ""服务量"": 25}",启发生成（需人工审核）
0853_7463_03,野生动物疫源疫病防控监测服务覆盖区域数,服务乡镇/区域数量,服务乡镇 / 区域数量,"{""服务乡镇"": 100, ""区域数量"": 25}",启发生成（需人工审核）
0853_7463_04,野生动物疫源疫病防控监测运营资质许可,持有运营/处置许可,持有运营 / 处置许可,"{""持有运营"": 100, ""处置许可"": 25}",启发生成（需人工审核）
0860_7726_01,土壤污染治理与年处理服务量,近12个月处理/服务量,近12个月处理 / 服务量,"{""近12个月处理"": 100, ""服务量"": 25}",启发生成（需人工审核）
0860_7726_03,土壤污染治理与服务覆盖区域数,服务乡镇/区域数量,服务乡镇 / 区域数量,"{""服务乡镇"": 100, ""区域数量"": 25}",启发生成（需人工审核）
0860_7726_04,土壤污染治理与运营资质许可,持有运营/处置许可,持有运营 / 处置许可,"{""持有运营"": 100, ""处置许可"": 25}",启发生成（需人工审核）
0870_02,运营服务满意度,村民/政府满意度,村民 / 政府满意度,"{""村民"": 100, ""政府满意度"": 25}",启发生成（需人工审核）
0870_7721_01,水污染年处理服务量,近12个月处理/服务量,近12个月处理 / 服务量,"{""近12个月处理"": 100, ""服务量"": 25}",启发生成（需人工审核）
0870_7721_03,水污染服务覆盖区域数,服务乡镇/区域数量,服务乡镇 / 区域数量,"{""服务乡镇"": 100, ""区域数量"": 25}",启发生成（需人工审核）
0870_7721_04,水污染运营资质许可,持有运营/处置许可,持有运营 / 处置许可,"{""持有运营"": 100, ""处置许可"": 25}",启发生成（需人工审核）
0870_7729_01,其他污染年处理服务量,近12个月处理/服务量,近12个月处理 / 服务量,"{""近12个月处理"": 100, ""服务量"": 25}",启发生成（需人工审核）
0870_7729_03,其他污染服务覆盖区域数,服务乡镇/区域数量,服务乡镇 / 区域数量,"{""服务乡镇"": 100, ""区域数量"": 25}",启发生成（需人工审核）
0870_7729_04,其他污染运营资质许可,持有运营/处置许可,持有运营 / 处置许可,"{""持有运营"": 100, ""处置许可"": 25}",启发生成（需人工审核）
0870_7820_01,环境卫生年处理服务量,近12个月处理/服务量,近12个月处理 / 服务量,"{""近12个月处理"": 100, ""服务量"": 25}",启发生成（需人工审核）
0870_7820_03,环境卫生服务覆盖区域数,服务乡镇/区域数量,服务乡镇 / 区域数量,"{""服务乡镇"": 100, ""区域数量"": 25}",启发生成（需人工审核）
0870_7820_04,环境卫生运营资质许可,持有运营/处置许可,持有运营 / 处置许可,"{""持有运营"": 100, ""处置许可"": 25}",启发生成（需人工审核）
0870_7830_01,城乡市容年处理服务量,近12个月处理/服务量,近12个月处理 / 服务量,"{""近12个月处理"": 100, ""服务量"": 25}",启发生成（需人工审核）
0870_7830_03,城乡市容服务覆盖区域数,服务乡镇/区域数量,服务乡镇 / 区域数量,"{""服务乡镇"": 100, ""区域数量"": 25}",启发生成（需人工审核）
0870_7830_04,城乡市容运营资质许可,持有运营/处置许可,持有运营 / 处置许可,"{""持有运营"": 100, ""处置许可"": 25}",启发生成（需人工审核）
0870_7840_01,绿化年处理服务量,近12个月处理/服务量,近12个月处理 / 服务量,"{""近12个月处理"": 100, ""服务量"": 25}",启发生成（需人工审核）
0870_7840_03,绿化服务覆盖区域数,服务乡镇/区域数量,服务乡镇 / 区域数量,"{""服务乡镇"": 100, ""区域数量"": 25}",启发生成（需人工审核）
0870_7840_04,绿化运营资质许可,持有运营/处置许可,持有运营 / 处置许可,"{""持有运营"": 100, ""处置许可"": 25}",启发生成（需人工审核）
091_02,客源结构,散客为主/团队为主/均衡,散客为主 / 团队为主 / 均衡,,中性/无配置
0911_9030_01,休闲观光年接待服务量,近12个月接待/服务人次,近12个月接待 / 服务人次,"{""近12个月接待"": 100, ""服务人次"": 25}",启发生成（需人工审核）
0911_9030_04,休闲观光经营许可资质,经营许可/特种行业资质齐备,经营许可 / 特种行业资质齐备,"{""经营许可"": 100, ""特种行业资质齐备"": 25}",启发生成（需人工审核）
0911_9030_05,休闲观光设施安全合规,消防/食品安全等设施合规,消防 / 食品安全等设施合规,"{""消防"": 100, ""食品安全等设施合规"": 25}",启发生成（需人工审核）
0912_7869_01,其他游览景区年接待服务量,近12个月接待/服务人次,近12个月接待 / 服务人次,"{""近12个月接待"": 100, ""服务人次"": 25}",启发生成（需人工审核）
0912_7869_04,其他游览景区经营许可资质,经营许可/特种行业资质齐备,经营许可 / 特种行业资质齐备,"{""经营许可"": 100, ""特种行业资质齐备"": 25}",启发生成（需人工审核）
0912_7869_05,其他游览景区设施安全合规,消防/食品安全等设施合规,消防 / 食品安全等设施合规,"{""消防"": 100, ""食品安全等设施合规"": 25}",启发生成（需人工审核）
0913_6130_01,民宿年接待服务量,近12个月接待/服务人次,近12个月接待 / 服务人次,"{""近12个月接待"": 100, ""服务人次"": 25}",启发生成（需人工审核）
0913_6130_04,民宿经营许可资质,经营许可/特种行业资质齐备,经营许可 / 特种行业资质齐备,"{""经营许可"": 100, ""特种行业资质齐备"": 25}",启发生成（需人工审核）
0913_6130_05,民宿设施安全合规,消防/食品安全等设施合规,消防 / 食品安全等设施合规,"{""消防"": 100, ""食品安全等设施合规"": 25}",启发生成（需人工审核）
0913_6210_01,正餐年接待服务量,近12个月接待/服务人次,近12个月接待 / 服务人次,"{""近12个月接待"": 100, ""服务人次"": 25}",启发生成（需人工审核）
0913_6210_04,正餐经营许可资质,经营许可/特种行业资质齐备,经营许可 / 特种行业资质齐备,"{""经营许可"": 100, ""特种行业资质齐备"": 25}",启发生成（需人工审核）
0913_6210_05,正餐设施安全合规,消防/食品安全等设施合规,消防 / 食品安全等设施合规,"{""消防"": 100, ""食品安全等设施合规"": 25}",启发生成（需人工审核）
0913_6291_01,小吃年接待服务量,近12个月接待/服务人次,近12个月接待 / 服务人次,"{""近12个月接待"": 100, ""服务人次"": 25}",启发生成（需人工审核）
0913_6291_04,小吃经营许可资质,经营许可/特种行业资质齐备,经营许可 / 特种行业资质齐备,"{""经营许可"": 100, ""特种行业资质齐备"": 25}",启发生成（需人工审核）
0913_6291_05,小吃设施安全合规,消防/食品安全等设施合规,消防 / 食品安全等设施合规,"{""消防"": 100, ""食品安全等设施合规"": 25}",启发生成（需人工审核）
0921_9221_01,综合事务管理机构年接待服务量,近12个月接待/服务人次,近12个月接待 / 服务人次,"{""近12个月接待"": 100, ""服务人次"": 25}",启发生成（需人工审核）
0921_9221_04,综合事务管理机构经营许可资质,经营许可/特种行业资质齐备,经营许可 / 特种行业资质齐备,"{""经营许可"": 100, ""特种行业资质齐备"": 25}",启发生成（需人工审核）
0921_9221_05,综合事务管理机构设施安全合规,消防/食品安全等设施合规,消防 / 食品安全等设施合规,"{""消防"": 100, ""食品安全等设施合规"": 25}",启发生成（需人工审核）
0921_9222_01,对外事务管理机构年接待服务量,近12个月接待/服务人次,近12个月接待 / 服务人次,"{""近12个月接待"": 100, ""服务人次"": 25}",启发生成（需人工审核）
0921_9222_04,对外事务管理机构经营许可资质,经营许可/特种行业资质齐备,经营许可 / 特种行业资质齐备,"{""经营许可"": 100, ""特种行业资质齐备"": 25}",启发生成（需人工审核）
0921_9222_05,对外事务管理机构设施安全合规,消防/食品安全等设施合规,消防 / 食品安全等设施合规,"{""消防"": 100, ""食品安全等设施合规"": 25}",启发生成（需人工审核）
0921_9225_01,经济事务管理机构年接待服务量,近12个月接待/服务人次,近12个月接待 / 服务人次,"{""近12个月接待"": 100, ""服务人次"": 25}",启发生成（需人工审核）
0921_9225_04,经济事务管理机构经营许可资质,经营许可/特种行业资质齐备,经营许可 / 特种行业资质齐备,"{""经营许可"": 100, ""特种行业资质齐备"": 25}",启发生成（需人工审核）
0921_9225_05,经济事务管理机构设施安全合规,消防/食品安全等设施合规,消防 / 食品安全等设施合规,"{""消防"": 100, ""食品安全等设施合规"": 25}",启发生成（需人工审核）
0921_9226_01,行政监督检查机构年接待服务量,近12个月接待/服务人次,近12个月接待 / 服务人次,"{""近12个月接待"": 100, ""服务人次"": 25}",启发生成（需人工审核）
0921_9226_04,行政监督检查机构经营许可资质,经营许可/特种行业资质齐备,经营许可 / 特种行业资质齐备,"{""经营许可"": 100, ""特种行业资质齐备"": 25}",启发生成（需人工审核）
0921_9226_05,行政监督检查机构设施安全合规,消防/食品安全等设施合规,消防 / 食品安全等设施合规,"{""消防"": 100, ""食品安全等设施合规"": 25}",启发生成（需人工审核）
0922_9521_01,专业性团体年接待服务量,近12个月接待/服务人次,近12个月接待 / 服务人次,"{""近12个月接待"": 100, ""服务人次"": 25}",启发生成（需人工审核）
0922_9521_04,专业性团体经营许可资质,经营许可/特种行业资质齐备,经营许可 / 特种行业资质齐备,"{""经营许可"": 100, ""特种行业资质齐备"": 25}",启发生成（需人工审核）
0922_9521_05,专业性团体设施安全合规,消防/食品安全等设施合规,消防 / 食品安全等设施合规,"{""消防"": 100, ""食品安全等设施合规"": 25}",启发生成（需人工审核）
0922_9522_01,行业性团体年接待服务量,近12个月接待/服务人次,近12个月接待 / 服务人次,"{""近12个月接待"": 100, ""服务人次"": 25}",启发生成（需人工审核）
0922_9522_04,行业性团体经营许可资质,经营许可/特种行业资质齐备,经营许可 / 特种行业资质齐备,"{""经营许可"": 100, ""特种行业资质齐备"": 25}",启发生成（需人工审核）
0922_9522_05,行业性团体设施安全合规,消防/食品安全等设施合规,消防 / 食品安全等设施合规,"{""消防"": 100, ""食品安全等设施合规"": 25}",启发生成（需人工审核）
0923_7213_01,资源与产权交易年接待服务量,近12个月接待/服务人次,近12个月接待 / 服务人次,"{""近12个月接待"": 100, ""服务人次"": 25}",启发生成（需人工审核）
0923_7213_04,资源与产权交易经营许可资质,经营许可/特种行业资质齐备,经营许可 / 特种行业资质齐备,"{""经营许可"": 100, ""特种行业资质齐备"": 25}",启发生成（需人工审核）
0923_7213_05,资源与产权交易设施安全合规,消防/食品安全等设施合规,消防 / 食品安全等设施合规,"{""消防"": 100, ""食品安全等设施合规"": 25}",启发生成（需人工审核）
0923_7215_01,农村集体经济组织年接待服务量,近12个月接待/服务人次,近12个月接待 / 服务人次,"{""近12个月接待"": 100, ""服务人次"": 25}",启发生成（需人工审核）
0923_7215_04,农村集体经济组织经营许可资质,经营许可/特种行业资质齐备,经营许可 / 特种行业资质齐备,"{""经营许可"": 100, ""特种行业资质齐备"": 25}",启发生成（需人工审核）
0923_7215_05,农村集体经济组织设施安全合规,消防/食品安全等设施合规,消防 / 食品安全等设施合规,"{""消防"": 100, ""食品安全等设施合规"": 25}",启发生成（需人工审核）
0923_7219_01,其他组织年接待服务量,近12个月接待/服务人次,近12个月接待 / 服务人次,"{""近12个月接待"": 100, ""服务人次"": 25}",启发生成（需人工审核）
0923_7219_04,其他组织经营许可资质,经营许可/特种行业资质齐备,经营许可 / 特种行业资质齐备,"{""经营许可"": 100, ""特种行业资质齐备"": 25}",启发生成（需人工审核）
0923_7219_05,其他组织设施安全合规,消防/食品安全等设施合规,消防 / 食品安全等设施合规,"{""消防"": 100, ""食品安全等设施合规"": 25}",启发生成（需人工审核）
0931_01,园区入驻率,入驻企业/可容纳,入驻企业 / 可容纳,"{""入驻企业"": 100, ""可容纳"": 25}",启发生成（需人工审核）
0931_7221_01,园区年接待服务量,近12个月接待/服务人次,近12个月接待 / 服务人次,"{""近12个月接待"": 100, ""服务人次"": 25}",启发生成（需人工审核）
0931_7221_04,园区经营许可资质,经营许可/特种行业资质齐备,经营许可 / 特种行业资质齐备,"{""经营许可"": 100, ""特种行业资质齐备"": 25}",启发生成（需人工审核）
0931_7221_05,园区设施安全合规,消防/食品安全等设施合规,消防 / 食品安全等设施合规,"{""消防"": 100, ""食品安全等设施合规"": 25}",启发生成（需人工审核）
0932_7223_01,市场年接待服务量,近12个月接待/服务人次,近12个月接待 / 服务人次,"{""近12个月接待"": 100, ""服务人次"": 25}",启发生成（需人工审核）
0932_7223_04,市场经营许可资质,经营许可/特种行业资质齐备,经营许可 / 特种行业资质齐备,"{""经营许可"": 100, ""特种行业资质齐备"": 25}",启发生成（需人工审核）
0932_7223_05,市场设施安全合规,消防/食品安全等设施合规,消防 / 食品安全等设施合规,"{""消防"": 100, ""食品安全等设施合规"": 25}",启发生成（需人工审核）
0933_7224_01,供应链年接待服务量,近12个月接待/服务人次,近12个月接待 / 服务人次,"{""近12个月接待"": 100, ""服务人次"": 25}",启发生成（需人工审核）
0933_7224_04,供应链经营许可资质,经营许可/特种行业资质齐备,经营许可 / 特种行业资质齐备,"{""经营许可"": 100, ""特种行业资质齐备"": 25}",启发生成（需人工审核）
0933_7224_05,供应链设施安全合规,消防/食品安全等设施合规,消防 / 食品安全等设施合规,"{""消防"": 100, ""食品安全等设施合规"": 25}",启发生成（需人工审核）
0934_7910_01,土地年接待服务量,近12个月接待/服务人次,近12个月接待 / 服务人次,"{""近12个月接待"": 100, ""服务人次"": 25}",启发生成（需人工审核）
0934_7910_04,土地经营许可资质,经营许可/特种行业资质齐备,经营许可 / 特种行业资质齐备,"{""经营许可"": 100, ""特种行业资质齐备"": 25}",启发生成（需人工审核）
0934_7910_05,土地设施安全合规,消防/食品安全等设施合规,消防 / 食品安全等设施合规,"{""消防"": 100, ""食品安全等设施合规"": 25}",启发生成（需人工审核）
0934_7920_01,土地调查评估年接待服务量,近12个月接待/服务人次,近12个月接待 / 服务人次,"{""近12个月接待"": 100, ""服务人次"": 25}",启发生成（需人工审核）
0934_7920_04,土地调查评估经营许可资质,经营许可/特种行业资质齐备,经营许可 / 特种行业资质齐备,"{""经营许可"": 100, ""特种行业资质齐备"": 25}",启发生成（需人工审核）
0934_7920_05,土地调查评估设施安全合规,消防/食品安全等设施合规,消防 / 食品安全等设施合规,"{""消防"": 100, ""食品安全等设施合规"": 25}",启发生成（需人工审核）
0934_7930_01,土地登记年接待服务量,近12个月接待/服务人次,近12个月接待 / 服务人次,"{""近12个月接待"": 100, ""服务人次"": 25}",启发生成（需人工审核）
0934_7930_04,土地登记经营许可资质,经营许可/特种行业资质齐备,经营许可 / 特种行业资质齐备,"{""经营许可"": 100, ""特种行业资质齐备"": 25}",启发生成（需人工审核）
0934_7930_05,土地登记设施安全合规,消防/食品安全等设施合规,消防 / 食品安全等设施合规,"{""消防"": 100, ""食品安全等设施合规"": 25}",启发生成（需人工审核）
0934_7940_01,土地登记代理年接待服务量,近12个月接待/服务人次,近12个月接待 / 服务人次,"{""近12个月接待"": 100, ""服务人次"": 25}",启发生成（需人工审核）
0934_7940_04,土地登记代理经营许可资质,经营许可/特种行业资质齐备,经营许可 / 特种行业资质齐备,"{""经营许可"": 100, ""特种行业资质齐备"": 25}",启发生成（需人工审核）
0934_7940_05,土地登记代理设施安全合规,消防/食品安全等设施合规,消防 / 食品安全等设施合规,"{""消防"": 100, ""食品安全等设施合规"": 25}",启发生成（需人工审核）
0934_7990_01,其他土地年接待服务量,近12个月接待/服务人次,近12个月接待 / 服务人次,"{""近12个月接待"": 100, ""服务人次"": 25}",启发生成（需人工审核）
0934_7990_04,其他土地经营许可资质,经营许可/特种行业资质齐备,经营许可 / 特种行业资质齐备,"{""经营许可"": 100, ""特种行业资质齐备"": 25}",启发生成（需人工审核）
0934_7990_05,其他土地设施安全合规,消防/食品安全等设施合规,消防 / 食品安全等设施合规,"{""消防"": 100, ""食品安全等设施合规"": 25}",启发生成（需人工审核）
1020_5621_01,通用航空年服务收入,近12个月科研/服务收入,近12个月科研 / 服务收入,"{""近12个月科研"": 100, ""服务收入"": 25}",启发生成（需人工审核）
1020_5621_04,通用航空资质认证合规,资质/许可/认证齐备,资质 / 许可 / 认证齐备,"{""资质"": 100, ""许可"": 62, ""认证齐备"": 25}",启发生成（需人工审核）
1031_6431_01,互联网生产服务平台年服务收入,近12个月科研/服务收入,近12个月科研 / 服务收入,"{""近12个月科研"": 100, ""服务收入"": 25}",启发生成（需人工审核）
1031_6431_04,互联网生产服务平台资质认证合规,资质/许可/认证齐备,资质 / 许可 / 认证齐备,"{""资质"": 100, ""许可"": 62, ""认证齐备"": 25}",启发生成（需人工审核）
1031_6434_01,互联网公共服务平台年服务收入,近12个月科研/服务收入,近12个月科研 / 服务收入,"{""近12个月科研"": 100, ""服务收入"": 25}",启发生成（需人工审核）
1031_6434_04,互联网公共服务平台资质认证合规,资质/许可/认证齐备,资质 / 许可 / 认证齐备,"{""资质"": 100, ""许可"": 62, ""认证齐备"": 25}",启发生成（需人工审核）
1032_6450_01,互联网数据年服务收入,近12个月科研/服务收入,近12个月科研 / 服务收入,"{""近12个月科研"": 100, ""服务收入"": 25}",启发生成（需人工审核）
1032_6450_04,互联网数据资质认证合规,资质/许可/认证齐备,资质 / 许可 / 认证齐备,"{""资质"": 100, ""许可"": 62, ""认证齐备"": 25}",启发生成（需人工审核）
1033_6490_01,其他互联网年服务收入,近12个月科研/服务收入,近12个月科研 / 服务收入,"{""近12个月科研"": 100, ""服务收入"": 25}",启发生成（需人工审核）
1033_6490_04,其他互联网资质认证合规,资质/许可/认证齐备,资质 / 许可 / 认证齐备,"{""资质"": 100, ""许可"": 62, ""认证齐备"": 25}",启发生成（需人工审核）
1033_6532_01,物联网技术年服务收入,近12个月科研/服务收入,近12个月科研 / 服务收入,"{""近12个月科研"": 100, ""服务收入"": 25}",启发生成（需人工审核）
1033_6532_04,物联网技术资质认证合规,资质/许可/认证齐备,资质 / 许可 / 认证齐备,"{""资质"": 100, ""许可"": 62, ""认证齐备"": 25}",启发生成（需人工审核）
1034_6513_01,应用软件年服务收入,近12个月科研/服务收入,近12个月科研 / 服务收入,"{""近12个月科研"": 100, ""服务收入"": 25}",启发生成（需人工审核）
1034_6513_04,应用软件资质认证合规,资质/许可/认证齐备,资质 / 许可 / 认证齐备,"{""资质"": 100, ""许可"": 62, ""认证齐备"": 25}",启发生成（需人工审核）
1034_6531_01,信息系统集成年服务收入,近12个月科研/服务收入,近12个月科研 / 服务收入,"{""近12个月科研"": 100, ""服务收入"": 25}",启发生成（需人工审核）
1034_6531_04,信息系统集成资质认证合规,资质/许可/认证齐备,资质 / 许可 / 认证齐备,"{""资质"": 100, ""许可"": 62, ""认证齐备"": 25}",启发生成（需人工审核）
1034_6540_01,运行维护年服务收入,近12个月科研/服务收入,近12个月科研 / 服务收入,"{""近12个月科研"": 100, ""服务收入"": 25}",启发生成（需人工审核）
1034_6540_04,运行维护资质认证合规,资质/许可/认证齐备,资质 / 许可 / 认证齐备,"{""资质"": 100, ""许可"": 62, ""认证齐备"": 25}",启发生成（需人工审核）
1034_6550_01,信息处理和存储支持年服务收入,近12个月科研/服务收入,近12个月科研 / 服务收入,"{""近12个月科研"": 100, ""服务收入"": 25}",启发生成（需人工审核）
1034_6550_04,信息处理和存储支持资质认证合规,资质/许可/认证齐备,资质 / 许可 / 认证齐备,"{""资质"": 100, ""许可"": 62, ""认证齐备"": 25}",启发生成（需人工审核）
1034_6560_01,信息技术咨询年服务收入,近12个月科研/服务收入,近12个月科研 / 服务收入,"{""近12个月科研"": 100, ""服务收入"": 25}",启发生成（需人工审核）
1034_6560_04,信息技术咨询资质认证合规,资质/许可/认证齐备,资质 / 许可 / 认证齐备,"{""资质"": 100, ""许可"": 62, ""认证齐备"": 25}",启发生成（需人工审核）
1034_6579_01,其他数字内容年服务收入,近12个月科研/服务收入,近12个月科研 / 服务收入,"{""近12个月科研"": 100, ""服务收入"": 25}",启发生成（需人工审核）
1034_6579_04,其他数字内容资质认证合规,资质/许可/认证齐备,资质 / 许可 / 认证齐备,"{""资质"": 100, ""许可"": 62, ""认证齐备"": 25}",启发生成（需人工审核）
1035_6571_01,地理遥感信息年服务收入,近12个月科研/服务收入,近12个月科研 / 服务收入,"{""近12个月科研"": 100, ""服务收入"": 25}",启发生成（需人工审核）
1035_6571_04,地理遥感信息资质认证合规,资质/许可/认证齐备,资质 / 许可 / 认证齐备,"{""资质"": 100, ""许可"": 62, ""认证齐备"": 25}",启发生成（需人工审核）
1041_01,涉农贷款不良率,不良余额/贷款余额,不良余额 / 贷款余额,"{""不良余额"": 100, ""贷款余额"": 25}",启发生成（需人工审核）
1043_02,综合赔付率,赔付支出/保费收入,赔付支出 / 保费收入,"{""赔付支出"": 100, ""保费收入"": 25}",启发生成（需人工审核）
1044_01,辅导成功率,成功辅导/总项目,成功辅导 / 总项目,"{""成功辅导"": 100, ""总项目"": 25}",启发生成（需人工审核）
1050_01,1050 农业机械经营租赁服务·农机出租率,农机年出租天数/可出租天数,农机年出租天数 / 可出租天数,"{""农机年出租天数"": 100, ""可出租天数"": 25}",启发生成（需人工审核）
107_03,食品级包装资质,涉食品包装是否持SC/合规,涉食品包装是否持SC / 合规,"{""涉食品包装是否持SC"": 100, ""合规"": 25}",启发生成（需人工审核）
